nombre,perfil,locus,pic,alias,web
Mar Cabra,"Periodista de investigaci√≥n & datos #ddj Amante #transparencia Miembro @ICIJorg Premios Pulitzer 2017, APM 2012+2016. Interesada en el cambio (estructural)",Madrid & beyond,https://pbs.twimg.com/profile_images/991086035537973253/vgn6I1X9_400x400.jpg,cabralens,https://pgp.mit.edu/pks/lookup?op=get&search=0x9662B24341B2145F
Julio L√≥pez P.,"Data-driven research on sustainable development (energy), open data & public policy | Entrepreneur #CivicTech @datalat @escueladedatos @schoolofdata",Latam,https://pbs.twimg.com/profile_images/915395160023986176/CEsQDbta_400x400.jpg,jalp_ec‚Äè,
Laura Arag√≥,Periodista especialitzada en #periodismodatos #ddj | Made in @M_Investigacion | Journalist at @LaVanguardia,Entre Barcelona i Madrid,https://pbs.twimg.com/profile_images/984020429819056134/h3ywtwop_400x400.jpg,arago_la‚Äè,http://www.laurarago.com/
Ferran Morales,"data + infographics + interactives, mundodeportivo and RACC http://www.mundodeportivo.com/infograficos/¬† https://www.instagram.com/ferranmorales/","Sant Antoni, Barcelona",https://pbs.twimg.com/profile_images/1708373856/DIBUIX_JAVIER_SOTERAS_400x400.jpg,ferranmorales,http://ferranmorales.com/
NaliniLepetit-Chella,"Journaliste @NewsTankHER pass√©e par @ElMundoData, @elperiodico et @OuestFrance. Form√©e au #ddj dans le master @M_Investigacion et √† l'@IjbaOfficiel. Fan de BD.","Community of Madrid, Spain",https://pbs.twimg.com/profile_images/586853221810987009/ZtnsQh5a_400x400.jpg,NaliniLC‚Äè,
Marta Ley,Periodista y CAV. Especializada en #datajournalism en el @M_investigacion. Ahora en @elmundodata,Alcal√° de Henares. Madrid,https://pbs.twimg.com/profile_images/909915283032330240/Za72KN3r_400x400.jpg,leymarta‚Äè,http://www.elmundo.es/periodismo-de-datos.html
Maria Llort,Periodista. Colaboro con @ctxt.Periodisme de dades i #transparencia a @transpapress. Abans a Par√≠s i Barcelona amb @EFEnoticias i @europapress.,Barcelona,https://pbs.twimg.com/profile_images/720332553060659201/S-NafR44_400x400.jpg,mariallort‚Äè,
Javier Zarracina,Graphics Editor at http://Vox.com¬†. Previously at Los Angeles Times and The Boston Globe. Infografista de Bilbao.,"Washington, DC",https://pbs.twimg.com/profile_images/862096867844390912/x-BgtkaC_400x400.jpg,JZarracina‚Äè,http://javierzarracina.virb.com/
„Éõ„Çø„Éõ„Çø Èà¥Êú®,Comunicador #nikkei. Entusiasta de la visualizacion y el periodismo de datos. #cruzado. Ex El Mercurio. Creador de ujibashi.cl.,"Santiago, Chile",https://pbs.twimg.com/profile_images/845287360602484740/4jGBJxwZ_400x400.jpg,jjsuzukiv‚Äè,https://ujibashi.cl/
B√°rbara Lib√≥rio,"Investigative data journalist made in @M_Investigacion. Deputy editor at @CanalMeio and @aosfatos. Creator of @elasnacamara. Before: @RevistaISTOE, @ig, @folha.","S√£o Paulo, Brasil",https://pbs.twimg.com/profile_images/986793605334470656/nTsOTULZ_400x400.jpg,baliborio‚Äè,https://baliborio.wordpress.com/
Javier Cant√≥n,Prosuming at @MediaLabUGR & @RadioLabUGR @CanalUGR #communication #digital #social #technology #data #dataviz #ddj #visual Also a @pensadorvisual,Granada,https://pbs.twimg.com/profile_images/974571058740236288/HpDMOCL8_400x400.jpg,ProsumidorSoc‚Äè,https://www.javiercanton.com/offline/
Barbara Maseda,Journalist. (Text) data enthusiast. Fellow @JSKStanford / Alum @BCUMedia #ddj #textdata #textmining PGP http://bit.ly/MyPGP_Key,"Palo Alto, CA",https://pbs.twimg.com/profile_images/747047122311208960/yolrYEtO_400x400.jpg,barbaramaseda‚Äè,https://medium.com/text-data-stories
Ana Vldv,Mathematician & #DataScientist. Fellow of @datascifellows at @UChicago. Data for #socialgood. Love yoga. Between GRX and BCN. #EcoFem,On Earth,https://pbs.twimg.com/profile_images/783028451141906433/KzmsB4lI_400x400.jpg,ana_valdi‚Äè,https://valdilab.wordpress.com/
Mariluz Congosto,investigando desde la uc3m en la propagaci√≥n de mensajes y la caracterizaci√≥n de usuarios en Twitter. Mis experimentos en http://t-hoarder.com,Madrid,https://pbs.twimg.com/profile_images/728984748677341184/a42Pkbh3_400x400.jpg,congosto‚Äè,http://www.barriblog.com/
Aitana Constans Belda,Periodista de #Datos made in @M_Investigacion. #datajournalism #ddj,Madrid at the Moment,https://pbs.twimg.com/profile_images/510156979910631424/_TpUnwBe_400x400.jpeg,AitanaConstansB‚Äè,
David Cabo,"Founder of @civio, promoting Open Data/Government, transparency and data journalism. Creator of dondevanmisimpuestos.es, @quien_manda and @tuderechoasaber",Madrid,https://pbs.twimg.com/profile_images/378800000483962675/a62ae6ba5d97186d9b4e5a065e157a5e_400x400.jpeg,dcabo‚Äè,http://civio.es
Manuel Rodr√≠guez,Los datos tambi√©n son fuentes informativas. Frase que resume a lo que me dedico. Creador de andaluciaendatos.es,Sevilla/Lucena,https://pbs.twimg.com/profile_images/1285464050/yo_si_400x400.jpg,manuelromu‚Äè,http://www.andaluciaendatos.es
Ernesto Villar,"Nuevo libro: Los esp√≠as de Su√°rez (Espasa). Periodista en @larazon_es, profe en @VillanuevaCU, director de http://cuv3.com¬†, co-director de @master_datos",,https://pbs.twimg.com/profile_images/694432617777725440/yqndUZHc_400x400.jpg,ernvillar‚Äè,http://periodismodatos.villanueva.edu
Oscar Barnade,Periodista. Redactor del diario Clar√≠n. Proveedor de datos de SportsCenter (ESPN). Especialista en historia y estad√≠sticas.,Argentina,https://pbs.twimg.com/profile_images/995675982/6172_1028282925241_1770388299_54653_5444781_n_400x400.jpg,OscarBarnade‚Äè,
‚ùÄPaloma Aus√≠n Molina,#Periodista #Press #Comm #Spain #LATAM #China en @Ayuesen_Global y @CGEstrategia @DzeroSolutions | socia @SBPCA |  #antropolog√≠a #PeriodismoDatos #cosmo | ÁôΩÈ∏Ω,Madrid | Burgos,https://pbs.twimg.com/profile_images/451317666519584769/XJJNi2C1_400x400.jpeg,Paloma_Ausin‚Äè,http://es.linkedin.com/in/palomaausin/
Dami√°n Tato Vallejos,"Periodista, editor en http://lanueva.com¬†. Cuenta PERSONAL- #PeriodismoDeDatos, #DataJournalism, Innovaci√≥n (http://bahiaen360.com¬†), #IPAEsVida, rock, vino y Boca.",Bah√≠a Blanca,https://pbs.twimg.com/profile_images/755397254861774848/dtw78g22_400x400.jpg,tatovallejos‚Äè,http://tatovallejos.com.ar
Xaqu√≠n G.V.,"Visual Editor and consultant. @GuardianVisuals @guardian @NatGeo @nytimes alumnus. Dad, husband, Galician. I've been told I can cook.",New York ‚Üí London ‚Üí Girona,https://pbs.twimg.com/profile_images/902912562559254529/26SF9FVK_400x400.jpg,xocasgv‚Äè,http://xocas.com
gregor aisch,CTO at @datawrapper and proud @nytgraphics alumni. secure contact via http://keybase.io¬†. My better tweets are on https://vis.social/@gka¬† #jitter4life,Berlin,https://pbs.twimg.com/profile_images/555986012745105408/sDaI-4pP_400x400.png,driven_by_data‚Äè,http://driven-by-data.net
Xavi Gimenez,Data Visualization ¬∑ Interactive ¬∑ HCI ¬∑ Open Data ¬∑ Data Science ¬∑ Digital Humanities / having fun with all this stuff at @sirisacademic,Barcelona,https://pbs.twimg.com/profile_images/570190826932690944/KJp3XWNr_400x400.jpeg,xavigimenez‚Äè,http://xavigimenez.net
maria llop,Periodista. En un mar de datos,Madrid,https://pbs.twimg.com/profile_images/2837208688/a7e47e6ca8cc7c9fc74a8ce61530b558_400x400.jpeg,m_llop‚Äè,
Incho Cordero,"Comunicop√°tico compulsivo, ut√≥pico irredento y algo perdido entre lo imperfecto y lo pluscuamperfecto #Mediactivismo #Filmmaker #OpenData #PeriodismoDatos",Twitterland,https://pbs.twimg.com/profile_images/553837431137378305/l53VnyyJ_400x400.jpeg,inchocordero‚Äè,http://linkedin.com/in/inchocordero
Ana Pastor,Periodista. Newtral Founder @newtral,,https://pbs.twimg.com/profile_images/3704964360/98e122a0b1c42cc9f3268b71b690690e_400x400.jpeg,_anapastor_‚Äè,
Alex R.,Inf√≥grafo. El Peri√≥dico de Catalunya,Barcelona. Spain,https://pbs.twimg.com/profile_images/378800000196512789/0728f813714d311fe9bf254caee0f3d4_400x400.jpeg,Alex_R_Fischer‚Äè,
Gabriela Bouret,"Data Analyst at @LNData / @LANACION Interested in Data Journalism, Open Data. Master in Data Mining #TableauAmbassador / #WiDS2018 Ambassador","Buenos Aires, Argentina",https://pbs.twimg.com/profile_images/1780227987/gbouretLN_400x400.jpg,gabybouret‚Äè,http://blogs.lanacion.com.ar/data
Joan Llop,"Aprendiendo de visualizaci√≥n de datos, ddj, dise√±o web, comunicaci√≥n.",Madrid,https://pbs.twimg.com/profile_images/664900335857725440/cykAnRJG_400x400.jpg,jouerl‚Äè,http://jotadata.wordpress.com
Ricard Gr√†cia,Infograf√≠a / News graphics / Visual journalism / 'data-decorator' / a piece of @EPGraficos / rt ‚â† endorsement,Barcelona,https://pbs.twimg.com/profile_images/919618947623813120/Sil0DIoB_400x400.jpg,ricardgracia‚Äè,
Rodrigo Cunha,Professor at DCOM/UFPE; PhD in Media Studies; talks about journalism + data visualization.,"Recife, Brazil",https://pbs.twimg.com/profile_images/892085917145604097/0l-mM-pT_400x400.jpg,cunhares‚Äè,http://ufpe.br/grid
Virginia Hern√°ndez,Periodista de Especiales multimedia en ELMUNDO.es. Con muchas ganas de seguir aprendiendo.,Madrid,https://pbs.twimg.com/profile_images/770551293224095745/nco5IsPI_400x400.jpg,vir_hernandez‚Äè,http://www.linkedin.com/in/virginiah1
Daniela Aguilar,Periodista. Interesada en Investigaci√≥n y Datos gracias a @M_Investigacion. Con la mirada puesta en @lahistoriaec. Nodo de @connectasorg en Ecuador,Guayaquil,https://pbs.twimg.com/profile_images/950773904515256320/zOckXqWm_400x400.jpg,danielaaguilard‚Äè,
Rafael de las Cuevas,Periodista. Creador de 'El desastre fotovoltaico espa√±ol' http://bit.ly/2bSrViy¬†. Alter ego: @scanliner,"Madrid, Spain",https://pbs.twimg.com/profile_images/1641777264/avatar_400x400.png,rafadelascuevas‚Äè,https://www.linkedin.com/in/rafaeldelascuevas/
Marc Argem√≠,PhD | Comunicaci√≥ + Tecnologia a @sibilarecom | @uicbarcelona | #Rumor #Data #Com | https://www.linkedin.com/in/marcargemi/¬† | https://goo.gl/CX8iKN,Barcelona,https://pbs.twimg.com/profile_images/930764882714218496/g_9fiKuX_400x400.jpg,marcargemi‚Äè,http://www.sibilare.com/
Saimi Reyes Carmona,"Editora y periodista en @postdataclub Tres pasiones: la comida, la literatura y lo que hago.","La Habana, Cuba",https://pbs.twimg.com/profile_images/657590693464936448/Kcn6Ghel_400x400.jpg,Saimita24‚Äè,https://wenaliteratura.wordpress.com/
Guillermo Villar,"Periodista de datos. Aprend√≠ en el Equipo Expr√©s de @el_pais, en el @lab_rtvees y antes en @cmm_es. Hacia nuevos retos #ddj",,https://pbs.twimg.com/profile_images/974703791152001025/KMJR6ODD_400x400.jpg,_gvillar‚Äè,http://gvillar.github.io
Alfonso S. Uz√°bal,Show me the code! #freesoftware #datacommons #digitalcommons Free digital ecosystems. Involved in @montera34 @civicwise @lab_place @civictechlab @datacommonslab,"Arguilla, Ari√®ge, Pyr√©n√©es",https://pbs.twimg.com/profile_images/966801949843755009/JsnVpPex_400x400.jpg,skotperez‚Äè,https://voragine.net
Kiko Llaneras,"Doctor y ex profesor de ingenier√≠a, ahora escribo en Jot Down y El Pa√≠s. En Politikon y Quantio. Hago datos, gr√°ficos y an√°lisis pol√≠tico",Madrid,https://pbs.twimg.com/profile_images/378800000548926925/053aa174f3e23c72d0553477c85b9ca1_400x400.jpeg,kikollan‚Äè,http://kiko.llaneras.es
Cristina Ramon,"Periodista. Data, coding, econom√≠a, R, python, caos...",Barcelona,https://pbs.twimg.com/profile_images/378800000210104133/a3420c9a02402dde3d09a1e41f1688e5_400x400.jpeg,crisodisy‚Äè,https://www.linkedin.com/in/cristinaramon/
Camila Salazar,Data Journalist. Economist. Data trainer. Open data. Fellow 2015 @EscuelaDeDatos @SchoolOfData Docente UCR,"Alajuela, Costa Rica",https://pbs.twimg.com/profile_images/896954960671236100/Yk5di9Xp_400x400.jpg,milamila07‚Äè,https://camilasalazarm.wixsite.com/portafolio
Cecilio Gald√≥n,Periodista especializado en investigaci√≥n y #periodismodatos.  Cantera de @M_Investigacion. Colaborador de @elmundoes y otros medios. El #MedioAmbiente importa.,Madrid / M√°laga (Espa√±a),https://pbs.twimg.com/profile_images/732744705847513089/Vxs5FHcl_400x400.jpg,CecilioGaldon‚Äè,https://clippings.me/ceciliogaldon
Antonio Delgado,"Periodista. Innovaci√≥n, datos y visualizaci√≥n. Cofundador @datadista. Profesor #ddj. PGP http://j.mp/adelgadoASC",Madrid - Jerez,https://pbs.twimg.com/profile_images/1783118571/adelgado2011_400x400.jpg,adelgado‚Äè,https://antonio-delgado.com
Borja Malaina,"Amante de los viajes, el periodismo y las historias interesantes. Interesado en #periodismodatos, #marketresearch, estad√≠sticas y datos sociol√≥gicos.",Madrid,https://pbs.twimg.com/profile_images/740140484090318848/kJuW6pRF_400x400.jpg,BMalaina17‚Äè,
Marina Gama Cubas,"Brazilian. Data and investigative journalist made in @M_Investigacion. Published by @LNdata, @elmundoes, @Estadao and @Folha.",,https://pbs.twimg.com/profile_images/895756909583663107/RdIO4Mk2_400x400.jpg,marinagamacubas‚Äè,https://marinagamacubas.wixsite.com/home
Javier Rico,Periodista de medio ambiente y biodiversidad @ERenovables @ballenablanca_ @ElHuffPost @Elasombrario @redrunacional @el_pais Y @AverAves Carabanchel y #15M,,https://pbs.twimg.com/profile_images/992412976656371712/5-cJ2NpF_400x400.jpg,JavierRicoNi‚Äè,https://averaves.wordpress.com
Oriana Vielma G√≥mez,Political journalist / Periodista de pol√≠tica incursionando en investigaci√≥n / Periodismo de datos / Especializaci√≥n en Sistemas Electorales (UCV). Ciudadana.,"Caracas, Venezuela",https://pbs.twimg.com/profile_images/737611562014232579/0eVJWRpj_400x400.jpg,OriVielma‚Äè,http://www.oevenezolano.org/
Daniel Mu√±oz Guerrero,Innovaci√≥n y producto en @ElConfidencial  ¬∑ MBA student ¬∑ Innovation ¬∑ Business ¬∑ Design ¬∑ Photography ¬∑ Media ¬∑ Technology ¬∑ Product,Madrid ¬∑ Elx,https://pbs.twimg.com/profile_images/962700963411906563/cknxsiGD_400x400.jpg,DanielPublico‚Äè,https://www.elconfidencial.com/
In√©s Cuervo,Periodista. Aprendiendo en @master_datos. Antes en @Cadena_Dial. Pasi√≥n por el Arte Contempor√°neo,,https://pbs.twimg.com/profile_images/585057436987457536/_PGhXcBr_400x400.jpg,inescuer‚Äè,
Almudena S√°nchez,"Periodista: desconfiada por profesi√≥n, #transparencia por inter√©s, ingenua por vocaci√≥n, interactiva por curiosidad.  En FB y IG: @abresesion",Canarias,https://pbs.twimg.com/profile_images/595133259387936768/WZoJchNM_400x400.jpg,abresesion‚Äè,https://www.canarias7.es/autor/-/meta/almudena-sanchez
Andr√©s Ballesteros,"Periodismo de Investigaci√≥n en Infobae. 9 de √°rea. Cordob√©s, barrabalero y ulisero. Cuervo y floydiano. Pap√° de √Åmbar y Dante.",,https://pbs.twimg.com/profile_images/956698452485902336/kYGdrhgO_400x400.jpg,gilmourde9‚Äè,
Ana Tudela Flores,Periodista. Escrib√≠ Crisis S.A. Cofundadora de @datadista. Trabajando en el proyecto #PlayaBurbuja.,,https://pbs.twimg.com/profile_images/972223502051921920/ZXzWB7C9_400x400.jpg,latule‚Äè,https://latule.com
Antoni Guti√©rrez,Antoni Guti√©rrez-Rub√≠. Asesor de comunicaci√≥n. Fundador y director @ideograma                         http://on.fb.me/1PMhoQ4¬† https://telegram.me/antonigr,,https://pbs.twimg.com/profile_images/2016803382/Llapis_400x400.jpg,antonigr‚Äè,https://gutierrez-rubi.es
In√©s Calder√≥n de Ant,Periodista. Quiero ser presidenta del Betis. #S√©loquehicisteis en @objetivolasexta. A veces paso por @eleconomistaes. Siempre sonr√≠o #running,Madrid,https://pbs.twimg.com/profile_images/437873221484822528/jvtbILvB_400x400.jpeg,ines_calderon‚Äè,http://www.sueldospublicos.com/
pere rovira,Lover of data-driven insights and the small pleasures of life. I visualize data at http://www.onetandem.com,barcelona,https://pbs.twimg.com/profile_images/771353131691208704/Hh0iV6bE_400x400.jpg,pere_rovira‚Äè,https://www.es.linkedin.com/in/pererovira
Cristian Bertelegni,"News application developer en @LNdata @LNCreativa, diario @LANACION. Firme como viendo al Invisible. #ARG","Mar del Plata, Argentina",https://pbs.twimg.com/profile_images/877694430354051072/KHsBqWV5_400x400.jpg,cbertelegni‚Äè,https://about.me/cbertelegni
Karma Peir√≥,"Digital/Data Journalism. Following path of technological innovation, transparency, open data, activism...",Barcelona,https://pbs.twimg.com/profile_images/990873005072048129/7tMgMSZH_400x400.jpg,kpeiro‚Äè,https://karmapeiro.wordpress.com
Ra√ºl S√°nchez,"Geoinquiet, Dades Obertes i Reutilitzaci√≥ a @iopendatabcn. #opendata #dadesobertes #datosabiertos","Barcelona, Spain",https://pbs.twimg.com/profile_images/378800000677748833/813552bc9ab0e5e1ee3ed583c7f0e9e9_400x400.png,RaulRSG‚Äè,
flora fosset,"responsible journalism, dataviz and design. http://fosset.co","Madrid, Espagne",https://pbs.twimg.com/profile_images/787955076384034816/IK5Fi1BF_400x400.jpg,florafosset‚Äè,
Adrian Elliot ¬†üá™üá∫,"Consultor de comunicaci√≥n. Filolog√≠a Hisp√°nica, Ciencias Pol√≠ticas y Estudios Latinoamericanos. Prof. de Periodismo de Datos.",Madrid,https://pbs.twimg.com/profile_images/754971312326602753/KXpP3ZJW_400x400.jpg,adrianwae‚Äè,https://cabinaeneltiempo.blogspot.com
Amaya Verde,Infograf√≠a. Dise√±o de informaci√≥n y visualizaci√≥n de datos | Infographics. Information design and data visualization @Univision,,https://pbs.twimg.com/profile_images/971463917661773824/lTK5-w72_400x400.jpg,amayaverde‚Äè,
Alba Mart√≠n,Data & visualization journalist. @M_Investigacion alumnus.,Granada - Madrid,https://pbs.twimg.com/profile_images/940961007970803718/Q-PVdm_o_400x400.jpg,albamartinc‚Äè,https://albamartin.pressfolios.com
Patricia L√≥pez,"Periodista. #Comunicaci√≥nDigital. Especializada en #periodismodatos por @M_Investigacion. Antes, en @elespanolcom y @elmundoes.",Madrid,https://pbs.twimg.com/profile_images/749178545872797696/712SmSol_400x400.jpg,lopezg_patricia‚Äè,https://www.linkedin.com/in/patricia-l%C3%B3pez-3654a8a5/
Ra√∫l D√≠az Poblete,"Desarrollador web en @civio. Amante de los datos, el dise√±o visual y la m√∫sica por encima de todas las cosas",Madrid,https://pbs.twimg.com/profile_images/952989600724680704/j1XPPFWF_400x400.jpg,grunegasse‚Äè,https://rauldiazpoblete.com
Paloma Ruiz del Pozo,Periodista. Premio Periodismo de Datos @datalabx 2017. Antes @abc_es (Web Datos) y @antena3com (CM). M√°ster DIRCOM y @ABC_Master. #DataDrivenJournalism,Madrid-Espa√±a,https://pbs.twimg.com/profile_images/943112292794855424/d99Jffz-_400x400.jpg,PalomaRuizdPozo‚Äè,https://www.linkedin.com/in/palomaruizdelpozo/
√ìscar Mar√≠n,Data Plumber. VR rider.  Mind the vampires.,Barcelona,https://pbs.twimg.com/profile_images/517471772354961408/IlhQq4_M_400x400.jpeg,oscarmarinmiro‚Äè,https://outliers.es
Idoia Sota,Periodista. Premio Larra 2010. Life-hacker en @BuenaVida_EP. Cofundadora de @Acuerdo_us y Tintafina @finatinta. #aprendizdecosas,,https://pbs.twimg.com/profile_images/974218173099671553/hGJrS0ud_400x400.jpg,IdoiaSota‚Äè,
Diego Arce,"Dospuntocero, entre otras cosas // Trabajando en @planetaviajero_ y @civio",Madrid,https://pbs.twimg.com/profile_images/481354855995289601/au8YlMA0_400x400.jpeg,diegoarce_‚Äè,https://www.yosoydiego.com
Juan Francisco Caro,"Periodista. Periodismo de datos, informaci√≥n econ√≥mica y comunicaci√≥n institucional. Director de @allisdata",Extremadura,https://pbs.twimg.com/profile_images/486275601624756224/4NM9zzT7_400x400.jpeg,jf_caro‚Äè,https://allisdata.es/
Roberto D√≠az,Periodista / Journalist / Reporter | Investigaci√≥n & Datos | Pro Transparencia y OpenData | Criado en el @M_investigacion | Constructor de sue√±os |,Madrid,https://pbs.twimg.com/profile_images/597427749637201921/npZbDsJk_400x400.jpg,robertodiaz‚Äè,
Cristina C√°ndido,"Periodismo & Datos  Redactora de Mercados en @elEconomistaEs, canterana de @hoyextremadura. Autora de 'Lobby por la transparencia' cristinacandido.es",,https://pbs.twimg.com/profile_images/1936278066/cris_400x400.jpg,ccandidop‚Äè,http://www.eleconomista.es/autor/Cristina-Candido-
Alberto Cairo,"Knight Chair at the University of Miami. Author of 'The Truthful Art' (2016), and 'The Functional Art' (2012) http://www.albertocairo.com","USA, Brazil, Spain",https://pbs.twimg.com/profile_images/983342409030418433/wriHlGj5_400x400.jpg,albertocairo‚Äè,http://www.thefunctionalart.com/
Bianca Pallaro,Periodismo de datos e innovaci√≥n en @LNdata @LANACION || Docente en @UCAPeriodismo || Feminista. Amante de los  y los,"Buenos Aires, Argentina",https://pbs.twimg.com/profile_images/992950589322682368/bSJYN3ws_400x400.jpg,biancapallaro‚Äè,https://www.lanacion.com.ar/autor/bianca-pallaro-9979
Antonio Hern√°ndez,"#journocoder || newsroom developer. Ahora, en @elconfidencial. Fan√°tico de la F12. #ddj. 'Con el Bushid≈ç y con el whiskacho'","M√≥stoles, Espa√±a",https://pbs.twimg.com/profile_images/833654739342598144/1vVtt8cy_400x400.jpg,anerodata‚Äè,http://antoniohernandez-datos.esy.es/
üìù Nelly Luna Amancio,Fundadora y editora general http://Ojo-publico.com¬† y @OjoLab Periodista de Investigaci√≥n #PamamaPapers #Ambiente #Ciencia #Datos #Innovaci√≥n PGP 0x124511EF,"Lima, Per√∫",https://pbs.twimg.com/profile_images/979416818786893827/7OYstZ4e_400x400.jpg,nellylun‚Äè,http://ojo-publico.com/
Concha Catalan,Journalist+English teacher. Innovation and Human Rights @ihrworld #database #SCW #datajournalism. Seize the day. Also @opengovcat. Before @BTVdatalab,Europe,https://pbs.twimg.com/profile_images/344513261573444465/654c6908a57de366e89df8da60e533b9_400x400.png,conchacatalan‚Äè,https://ihr.world/es/
Mat√≠as Di Santi,"Coordinador de Redacci√≥n de @Chequeado I Morenense; pas√© por TEA y USAL I Periodismo, #Investigaci√≥n y #Datos I Columnista de radio(s). Tuits a TP.",Buenos Aires,https://pbs.twimg.com/profile_images/726914745375281152/Hd_t0WcN_400x400.jpg,matydisanti‚Äè,http://chequeado.com/
M. √Ångel Gavilanes,Periodista. Investigo y escribo (entre otras cosas) en @civio. Mi correo: miguel@civio.es,"Un garito nuevo, Madrid.",https://pbs.twimg.com/profile_images/879989036529725441/gafZ0zPm_400x400.jpg,MAngelGavilanes‚Äè,
Mart√≠n Gonz√°lez,"Visual journalist at @TheEconomist,  @politibot.","London, England",https://pbs.twimg.com/profile_images/839612472801783810/wjBx9TjE_400x400.jpg,martgnz‚Äè,https://martingonzalez.net/
Jes√∫s Escudero,Periodista de datos y #transparencia. Investigative data reporter & #FOIA at @elconfidencial. Member of @ICIJorg. PGP http://bit.ly/1oMQfGe¬† Threema NXWV89RV,jescudero[@]elconfidencial.com,https://pbs.twimg.com/profile_images/378800000684124825/ed69f83835ee116fa96a749133484dfc_400x400.jpeg,jescuderoma‚Äè,https://www.elconfidencial.com/autores/jesus-escudero-445/
David Mart√≠nBorreg√≥n,I transform data to knowledge. Data Scientist at @typeform and founder of @datanpress | #datasci #dataviz #python #ddj #datadrivenjournalism,Barcelona,https://pbs.twimg.com/profile_images/632124396782522368/l8ffVD3q_400x400.jpg,DavidMartinB‚Äè,https://www.es.linkedin.com/in/davidmbd
Juan C Sanchez,Visualization and Infographic Multimedia at ELMUNDO.es Interactivos-DataViz-Animaci√≥n-Tecnolog√≠a-Web Tablets Mobile. Profesor @M_Investigacion,located in Madrid,https://pbs.twimg.com/profile_images/627025463618224128/HjqcUNQW_400x400.jpg,_JuanCsanchez_‚Äè,https://www.flickr.com/photos/juan_carlos_sanchez_rocha/
Ignacio Garc√≠a,"Periodista de datos. Entre Sant Feliu y Madrid. Actualment en http://diaridegirona.cat¬†. Cocinero, ebanista, corredor y ciclista. No necesariamente en ese orden",,https://pbs.twimg.com/profile_images/639379396789436416/3IwxN8r0_400x400.jpg,nachotronic‚Äè,https://www.diaridegirona.cat/tags/periodisme-de-dades.html
Sandra S√°nchez,"Periodismo, datos y Marketing Digital. Interesada en SEO, SEM y Social Ads.",Madrid,https://pbs.twimg.com/profile_images/973123012772925450/9uFh4PZd_400x400.jpg,_SandraSM_‚Äè,http://www.sandrasm.com/
Mario V,"Periodista, realizador y profesor a ratos. Alquimista en el Laboratorio @indpcom. Ex @elmundoes y @OndaCero_es. Con desviaciones hacia autobuses y saxofones.",Madrid,https://pbs.twimg.com/profile_images/839570690491695104/aJzV5ESE_400x400.jpg,marioviciosa‚Äè,http://equipoveinte.com/mariov/
I√±aki Hern√°ndez,Periodista. Haciendo periodismo de datos en @europapress. Tambi√©n comento lo que me interesa. Colaboro con el @ElHuffPost. Resumiendo http://bit.ly/1QvDUgF,Madrid,https://pbs.twimg.com/profile_images/1620353832/foto_400x400.JPG,InakiHdez‚Äè,
Daniel Cerdan Elcid,Comisionado de Transparencia de Canarias. Periodista: curioso profesional. Tambi√©n en @TransparenteCAN,Tenerife - Spain - Navarra,https://pbs.twimg.com/profile_images/758610689/danielAvatarCuadrado_400x400.jpg,DanielCerdan‚Äè,http://transparenciacanarias.org/
Tatiana Vel√°squez,Periodista. Life is what happens to you while you're busy making other plans: Lennon. Interesada en #DDJ gracias a @m_investigacion.,"Barranquilla, Colombia",https://pbs.twimg.com/profile_images/2255607728/Tatiana_400x400.jpg,Tatta25‚Äè,https://nochesdemedia.com/
Carolina √Åvila,Periodista. Data journalist @LNdata @LANACION,Ciudad Aut√≥noma de Buenos Aire,https://pbs.twimg.com/profile_images/821595283738001408/TRCwDN_9_400x400.jpg,caroavilac‚Äè,
Ana Isabel Cordob√©s,Periodista de datos. En @cuartopoder y @Los40. Ense√±o Narraci√≥n Digital en @UNIRuniversidad. Contacto: anaicordobes@gmail.com,Pamplona/Iru√±ea,https://pbs.twimg.com/profile_images/973175552415854592/xxgLZu2j_400x400.jpg,Ana_Cordobes‚Äè,https://anacordobes.wordpress.com/contacta/
eli vivas,Periodista Co-founder @Storydatabcn | @HacksHackersBCN  Aprendo con mis alumnos en @BlanquernaFCRI  @datajournalism1 #ddj #opendata,Earth,https://pbs.twimg.com/profile_images/843086474031587328/00_mDchE_400x400.jpg,eli_vivas‚Äè,http://www.storydata.cat/
Milagros Salazar,Directora y fundadora de @ConvocaPE Periodista de investigaci√≥n especializada en an√°lisis de datos. Mi apuesta: hacer sostenible el periodismo de investigaci√≥n.,,https://pbs.twimg.com/profile_images/506832527416254464/7kVWRUTd_400x400.jpeg,milagsalazar‚Äè,https://convoca.pe
Clara Jim√©nez Cruz,"Periodista. Habito en @ObjetivolaSexta. Me tomo el caf√© en @juliaenlaonda. Mi pasi√≥n, @MHemeroteca @malditobulo @malditodeporte @malditodato. Todo @Maldita_es",,https://pbs.twimg.com/profile_images/816706663784841221/M0B9W4k5_400x400.jpg,cjimenezcruz‚Äè,https://www.linkedin.com/in/cjimenezcruz/
Leonardo La Rosa,"Big Data, periodismo e historia...",Madrid,https://pbs.twimg.com/profile_images/839762247014625280/Km1EJDyJ_400x400.jpg,LeonardoLaRosa‚Äè,uc3m.academia.edu/LEONARDOLAROSA
Eva Constantaras,"Data journalist & trainer having misadventures in investigative #datajournalism #opendata Nomadic: Africa, Asia, MENA, LAC. @Google scholar @Internews",Global,https://pbs.twimg.com/profile_images/700324223710011392/awpoH5tY_400x400.jpg,EvaConstantaras‚Äè,https://www.linkedin.com/in/eva-constantaras-143a2b10/
Guillermo Rodr√≠guez,Periodista. Trasteo con #datos en @expansioncom. Antes pas√© por @EFE_CValenciana y @levante_emv. Me cri√© en el @M_Investigacion.,"Madrid-Valencia, Spain",https://pbs.twimg.com/profile_images/809011696400474112/MNXqXeiH_400x400.jpg,GuillermoRodz‚Äè,
Marisa Gallero,Periodista en @abc_es http://abcblogs.abc.es/loading/¬† Autora #B√°rcenasLaCajaFuerte @esferalibros. Miembro Asociaci√≥n Periodistas Investigaci√≥n @P_Investigacion,Espa√±a,https://pbs.twimg.com/profile_images/971884215129268224/BeeJI0fc_400x400.jpg,marisagallero‚Äè,
Maia Jastreblansky,Periodista. Pol√≠tica en @lanacion y @lanacionmas. Data J. Cs de la Comunicaci√≥n (UBA). La de los #PanamaPapers.,Buenos Aires,https://pbs.twimg.com/profile_images/789950411692183552/Z2QESkmL_400x400.jpg,maiajastre‚Äè,https://www.instagram.com/maiajastre
jose molina,"Ahora en @M_Investigacion, intentando hacer m√°s cosas",Albacete,https://pbs.twimg.com/profile_images/932545115930923008/iVmATQQS_400x400.jpg,joze_jozete‚Äè,
PJ Armengou Freixa ŸÜ,"Periodista | Consultor | Entre #Internacional i #Societat al @diariARA | Abans @LaVanguardia, @La2_tve, @sibilarecom i @viaempresa | Salut i periodisme!",Barcelona,https://pbs.twimg.com/profile_images/997432433099198464/qEmpI8sZ_400x400.jpg,pjarmengou‚Äè,
Mario Saavedra,"Periodista, f√≠sico y n√≥mada reasentado.Ex corresponsal en Nueva York y Pek√≠n. Jefe de Edici√≥n Digital en CMM. M√°s en http://www.mariosaavedra.es",Madrid,https://pbs.twimg.com/profile_images/554582150641500160/f40qWTt7_400x400.jpeg,MarioSaavedra‚Äè,https://about.me/mario_saavedra
Flor Coelho,Proud @LNdata member. Open data fan. New Media research & trainer @LANACION. @ONA Intl. @jskstanford fellow 2018-2019 #emojidelmate #NeverStopLearning =),"Buenos Aires, Argentina",https://pbs.twimg.com/profile_images/481530886522146816/5q27In5E_400x400.jpeg,fcoel‚Äè,http://blogs.lanacion.com.ar/data/florencia-coelho/
Harri X. Fernandez,Kazetaria / Journalist / Periodista - Cultura en Noticias de Gipuzkoa ( @NotGip ) - M√°ster en Periodismo de Datos - Donostiarra  - Homo sapiens kontzeptuala -,Donostia,https://pbs.twimg.com/profile_images/181196662/Harri_Trazado_400x400.jpg,Harrifernandez‚Äè,
Romina Colman,Periodista en @LNData.Lic.Cs.de la Comunicaci√≥n (UBA). Fellow @OEA_oficial en Gobierno Abierto 2016. Profesora en @UCAPeriodismo. Co-founder de @GIGAbierto,Argentina,https://pbs.twimg.com/profile_images/941066849260920833/HOkss3Qa_400x400.jpg,colmanromi‚Äè,
Gabriela Mi√±o,"Diario La Naci√≥n, integrante del equipo de periodismo de datos en LN DATA",Argentina,https://pbs.twimg.com/profile_images/907398155028848643/u7nP4Zbu_400x400.jpg,gabymino‚Äè,
Ernesto Olivares,Convertimos datos complejos en piezas de #infograf√≠a potenciando el poder del contenido.,Espa√±a,https://pbs.twimg.com/profile_images/983453571768291329/erEtX6M7_400x400.jpg,ErnestoVisual‚Äè,https://ernestoolivares.es/
Leyre Pejenaute,"Journalist. Cuentacuentos. En tr√°nsito, del fr√≠o siberiano al calor tropical, rumbo a las Ant√≠podas... de los datos. @93metros m√°s all√°. A ver qu√© pasa.",,https://pbs.twimg.com/profile_images/1232009329/DSCN4082_400x400.JPG,Leyretxuu‚Äè,
Chiqui Esteban (pronounced 'Cheeky'),"Graphics Director @washingtonpost. Spaniard, please excuse my English. Before: @NatGeo @BostonGlobe, Spain. @RedSox @RCDeportivo supporter","Maryland, USA",https://pbs.twimg.com/profile_images/953004854355652608/4ZK0_siE_400x400.jpg,chiquiesteban‚Äè,http://chiquiesteban.com/
Mar√≠a Blanco,Futura periodista. Fact-Checking y Social Media en @ObjetivoLaSexta. Comunicaci√≥n Digital y Periodismo en @USPCEU. Siempre aprendiendo.,,https://pbs.twimg.com/profile_images/967527831747158018/OWDLDoiB_400x400.jpg,Mariablanco_‚Äè,
Ma. Alejandra Cort√©s,‚Ä¢ #Periodista ‚Ä¢ Fotograf√≠a. Uniendo lo tradicional con la tecnolog√≠a. #PeriodismoDeDatos *Ucabista*,"Santiago, Chile",https://pbs.twimg.com/profile_images/810986483100356609/eHC2ace8_400x400.jpg,Macipy‚Äè,http://holaviajera.wordpress.com
Javier J.Barriocanal,"Hago cosas en @conento, antes las hac√≠a en @Vocento, @elmundoes y @expansioncom. Ense√±o a hacer cosas en @master_datos y @masterDGM #infografia #dataviz",Madrid,https://pbs.twimg.com/profile_images/677994625496387585/zN2NHQne_400x400.png,JBarriocanal‚Äè,http://www.colpisa.com/
Yanina Ronconi,Dise√±adora multimedia y colaboradora en proyectos de Data para @lanacion y @lndata,Buenos Aires,https://pbs.twimg.com/profile_images/378800000296354795/b79cb48627d40b392cf2217f85c737fd_400x400.jpeg,yanronconi‚Äè,http://yaninaronconi.com.ar/
Marjorie Grassler,"Ph.D / Working and teaching #datajournalism & #bigdata, Founder of @Datadigma_, learning about #Python, developing a passion for #robot #transhumanism #futur",Barcelona,https://pbs.twimg.com/profile_images/837637093606182914/3td1Ou_f_400x400.jpg,MarjooG‚Äè,https://www.tdx.cat/handle/10803/462769
Juan Elosua,Manager @elevenpaths Galician Cybersecurity Center. Former @nprviz. Knight-Mozilla fellow @LNdata. Data enthusiast. Food lover. Tweets in English & Spanish,"Vigo, Spain",https://pbs.twimg.com/profile_images/524547295375667201/t59OhXv4_400x400.jpeg,jjelosua‚Äè,https://www.elevenpaths.com/
Tristan Ib√°√±ez,data science | journalism | python | synth,Barcelona,https://pbs.twimg.com/profile_images/948493292555075585/Kb44Rwsf_400x400.jpg,tristanibanez‚Äè,
Elena Pinilla,"Periodista. Ahora, buceo entre #periodismo de #datos y #f√∫tbol http://elenapinilla.esy.es",,https://pbs.twimg.com/profile_images/787224527503757312/MAQ3r_s-_400x400.jpg,Elena_Pinilla_‚Äè,http://www.es.linkedin.com/in/elenapinilla
Adolfo Ant√≥n Bravo,"software y hardware libre, copyleft, commons, web sem√°ntica, periodismo de datos, tai chi chuan, sindominio, sanidad y educaci√≥n p√∫blica, para empezar",Madrid,https://pbs.twimg.com/profile_images/789580716543766532/fwdLc_9y_400x400.jpg,adolflow‚Äè,http://blog.infotics.es/
Momi Peralta,"In LA NACION Multimedia & Interactive Developement - LN DATAj Project Manager - Online since 1994. Aprendiendo lo que sea a cualquier hora, feliz. I LOVE DATA.","Buenos Aires, Argentina",https://pbs.twimg.com/profile_images/1105967757/MOM_TWIT2_400x400.jpg,momiperalta‚Äè,https://www.lanacion.com.ar/
Elizabeth Ortiz,Generaci√≥n de contenidos multimedia. Experiencia en cobertura de negocios. Periodismo de datos.,"Guadalajara, M√©xico",https://pbs.twimg.com/profile_images/378800000576456747/7b81af4684a820f1cd799e2c11546973_400x400.jpeg,LizOrtizTapia‚Äè,
Manuel Aristar√°n,Software and data. Musician. Maintainer of @TabulaPDF ‚Ä¢ @MIT/@medialab alum ‚Ä¢ Sometimes I film myself playing bass and guitar: https://www.youtube.com/user/jazzido,Elsewhere,https://pbs.twimg.com/profile_images/969763727670235136/6knaFBDj_400x400.jpg,manuelaristaran‚Äè,http://blog.jazzido.com/
Manuel Podetti,Comunicador - Asesor en TIC. #comunicaci√≥n #culturalibre #m√∫sica #arte #socialmedia #periodismodedatos #blockchain,R√≠o de la Plata,https://pbs.twimg.com/profile_images/653734378288361472/B60aFYWX_400x400.jpg,ManuPodetti‚Äè,http://bit.ly/CVUYPodetti
Adri√°n Blanco,Data journalist,,https://pbs.twimg.com/profile_images/927112645844627456/32J3d9TA_400x400.jpg,AdrianBlancoR‚Äè,http://adrianblanco.github.io
Maria Crosas,Journalist ‚Ä¢ Digital ‚Ä¢ dataviz ‚Ä¢ Chatbots ¬∑ New Technologies ¬∑ Telegram bot: http://telegram.me/DinfografiaBot¬† ¬∑ Articles on @storybench,"Barcelona, Espa√±a",https://pbs.twimg.com/profile_images/688759220003586048/RhrT0wvM_400x400.jpg,mcrosasb‚Äè,http://dinfografia.wordpress.com
Alberto Gonz√°lez,"Periodista con opini√≥n subjetiva, porque la objetividad es una utop√≠a | Investigaci√≥n y Periodismo de Datos en @biobio | Deportista de baj√≠simo rendimiento","Concepci√≥n, Chile",https://pbs.twimg.com/profile_images/935695274374295553/7TsvhPKg_400x400.jpg,betoforeverone‚Äè,https://www.facebook.com/#!/betogonzalez
Daniel Villatoro G,"Seg√∫n la aduana: guatemalteco,  periodista, en sus veintes; sin dinero para souvenirs/Periodismo-arte-data/ Parte de @socialtic + @EscuelaDeDatos + @visibles_gt",Guatemala,https://pbs.twimg.com/profile_images/935617783903260673/G1ZJKAL5_400x400.jpg,danyvillatoro‚Äè,
Margaret L√≥pez,"Periodista independiente | Reportera de zapatos de goma y preguntas inc√≥modas | Entregada a aprender de #PeriodismodeDatos, #Econom√≠a y #CambioClim√°tico","Caracas, Venezuela",https://pbs.twimg.com/profile_images/933235308262387712/K28hQESh_400x400.jpg,Jamsg‚Äè,https://infogram.com/jamsg
RAMON curto,RGB  CMYK infograf√≠a en El Peri√≥dico de Catalunya,BARCELONA-REUS-MARESME,https://pbs.twimg.com/profile_images/3384273699/137cf7ef12680a5a377d3fc2855e6d78_400x400.jpeg,ramondereus‚Äè,https://www.behance.net/ramoncurto
Merc√® Ros,"Periodista... No har√© m√°s preguntas se√±or√≠a. Ahora s√≠, con el M√°ster de Periodismo de Datos.",Aranjuez,https://pbs.twimg.com/profile_images/2822545876/a33ffcac91aed698adca4d43005dcfc2_400x400.jpeg,merce_ros‚Äè,
Javi de Vega,A soul man. En @Civio.,"Hortaleza, Madrid",https://pbs.twimg.com/profile_images/674885609270484992/A5RFswTw_400x400.png,javidvega‚Äè,
Daniel G Cappa,Periodista venezolano. Hago cositas con datos @M_investigacion #DDJ #DataViz,Spain,https://pbs.twimg.com/profile_images/560523411495997441/nNbTjg4R_400x400.jpeg,Danicappa‚Äè,
Carina Bellver,Periodista immersa en el m√≥n de les dades i co-founder de @StorydataBcn,"Vila de Gracia, Barcelona",https://pbs.twimg.com/profile_images/1264968829/foto_twitter_400x400.JPG,Kaarinss‚Äè,http://storydata.cat
FJ. Gal√°n Caballero,"Del todo, este poco. Bases, visualizaci√≥n y transparencia en el Equipo de Datos de @el_pais",,https://pbs.twimg.com/profile_images/838367371626696704/xSEPQ7pI_400x400.jpg,Antonmileo‚Äè,
Claudia Ocaranza,Periodista. #Investigaci√≥n & #ddj. La Messi de las preguntas. M√°ster en @M_Investigacion. M√©xico.,,https://pbs.twimg.com/profile_images/740684796750368768/pWON8Cym_400x400.jpg,clauocaranza‚Äè,
Marcos Garc√≠a Rey,Periodista/Journalist/ÿµÿ≠ŸÅŸä @elconfidencial | @ICIJorg member | mgarcia@elconfidencial.com | Tengo g de premios @PulitzerPrize y @aprensamadrid por #PanamaPapers,Espa√±a,https://pbs.twimg.com/profile_images/987176422962802689/X-c3vz8U_400x400.jpg,garcirrey‚Äè,http://espanaenllamas.es
David Chaves,"PhD Student at @oeg_upm: Semantic Web, Open/Linked Data and Data-Integration/Access. Transport, Music and Basket. Open Summer of Code","Madrid, Comunidad de Madrid",https://pbs.twimg.com/profile_images/831426754539614208/4tG25G_o_400x400.jpg,dchavesf‚Äè,http://dachafra.github.io
David Ruiz L√≥pez,"Visualizando Antes @eldiarioes, @rtve y @uniruniversidad",Madrid,https://pbs.twimg.com/profile_images/458755564961427456/jvU9Ow4b_400x400.jpeg,ruizfrontend‚Äè,http://davidruizlopez.es
Marina L√≥pez,"La mayor del Alberto. Periodista y CAV. Dando saltos entre datos desde @M_Investigacion. Antes @La_SER, @rne y @elespanolcom.",Madrid,https://pbs.twimg.com/profile_images/897697721120940032/5r_kuw7d_400x400.jpg,Marina_Lmc‚Äè,
Ra√∫l S√°nchez ¬†üáßüá∏,"Periodista, pero solo de t√≠tulo. #ddj y @filtrala en @eldiarioes. Aqu√≠ se habla de reggaeton. Cosas a raulsanchez[at]http://eldiario.es",Tenerife | Madrid,https://pbs.twimg.com/profile_images/774214397728268288/DlKy0bqP_400x400.jpg,raulsanchezglez‚Äè,
Marthe Rubi√≥,"Journaliste freelance (@mediapart, @slate @lefigaro) De retour en France apr√®s 4 ans en Argentine. Professeure de datajournalisme √† @EscuelaETER . Ex @LNData .","Rennes, France",https://pbs.twimg.com/profile_images/508799603475775488/nu5ramhr_400x400.jpeg,martherubio‚Äè,https://www.scoop.it/t/marthe-rubio
Arnau Udina,,"Pened√®s, Pa√Øsos Catalans",https://pbs.twimg.com/profile_images/1706493614/arnauucfoto2_400x400.JPG,arnauuc‚Äè,
Eva Belmonte,"Little periodista. Autora de El BOE nuestro de cada d√≠a y Espa√±opoly. En @civio, perpetrando El Indult√≥metro, Qui√©n Manda, Medicamentalia y m√°s cosicas. Cowgirl",,https://pbs.twimg.com/profile_images/562655925190668288/s1BO8XKe_400x400.jpeg,evabelmonte‚Äè,https://civio.es/el-boe-nuestro-de-cada-dia/
Hugo Alconada Mon,abogado; periodista en @lanacion; miembro de @icijorg; colaborador en @nytimesES; http://alconadamon.com,,https://pbs.twimg.com/profile_images/726467822428155904/Ju0e2djR_400x400.jpg,halconada‚Äè,https://www.facebook.com/halconada
Carlos Mu√±oz D√≠az,"Periodista y desarrollador web en potencia. Cosecha del 93 y del @M_Investigacion. Mis perdiciones: datos, m√°s datos y reporterismo. Fail again. Fail better.","Getafe, Comunidad de Madrid",https://pbs.twimg.com/profile_images/720660509276651520/U1jS76TI_400x400.jpg,CarlosMunozDiaz‚Äè,http://carlosmunozdiaz.github.io
Paula Guisado,Di un salto de @93metros y aterric√© en @elmundoes. Data and investigative journalist made in @M_Investigacion.  #transparencia #ddj PGP: http://bit.ly/2q8MzT8,,https://pbs.twimg.com/profile_images/777872179539111936/4FrGDKCg_400x400.jpg,PauGuisado‚Äè,http://www.elmundo.es/deportes/football-leaks.html
Pilar Lopez,Almeriense en Madrid. Periodista e inform√°tica investigando el Periodismo de Datos y la Ley de Transparencia en la UCM.,Madrid,https://pbs.twimg.com/profile_images/3114055787/bc2481606e47725a9a236e41f23824e9_400x400.jpeg,Pilarjlopez‚Äè,https://www.linkedin.com/in/pilarl/
Ver√≥nica Ram√≠rez,Journalist in @sextanoticias. Me nutr√≠ de #ddj y #transparencia en @M_Investigacion y veo #datos everywhere. Siempre aprendiendo. PGP http://goo.gl/EyrEza,"Madrid, Comunidad de Madrid",https://pbs.twimg.com/profile_images/972286275196735488/oTY5DQuM_400x400.jpg,VeritaRa‚Äè,
Andr√©s Jim√©nez,"Journalist interested in foreign affairs, fact checking and new media. Founder of @facterbot. Formerly at @EFEnoticias. On Signal.",Madrid,https://pbs.twimg.com/profile_images/916482751863443457/IkkdFYhH_400x400.jpg,BrydenJimenez‚Äè,https://medium.com/@BrydenJimenez
Rafael Carrasco,Profesor universitario. #dise√±o #periodismodatos #tecnolog√≠a #empresainformativa. Arquero desde 1984,"Comunidad de Madrid,",https://pbs.twimg.com/profile_images/378800000443805301/deece7a53f3c65df02e3a8addc580722_400x400.jpeg,carrascorafael‚Äè,
David Alameda,"Infograf√≠a, visualizaci√≥n de datos, grafismo, ilustraci√≥n, dise√±o, animaci√≥n, transmedia y nuevos formatos. Equipo de Datos de @elpais","Madrid, Spain",https://pbs.twimg.com/profile_images/860830126610812928/ljdWDuzr_400x400.jpg,davidAlameda‚Äè,http://davidalameda.com/
Felix Irmer,"PhD Candidate in #ddj @UniLeipzig. Tweets on media industry, journalism and tech. | Former PA consultant. | @mundusjourn & @FulbrightPrgrm alum.","Berlin, Germany",https://pbs.twimg.com/profile_images/963862815399391234/miBGeyUK_400x400.jpg,fexi‚Äè,https://journalism.berkeley.edu/person/felix_irmer/
Elena Paredes,"Periodista en @EPEconomia, con redes y datos. Viv√≠ en Mil√°n y algo queda. Exalumna de @M_Investigacion.",Entre Badajoz y Madrid,https://pbs.twimg.com/profile_images/972155658618441728/aHc9c4QV_400x400.jpg,elena_paredes90‚Äè,https://pistolasycuchillos.wordpress.com/
Luis Melgar,Periodista en @UniNoticias. Visualizaci√≥n  + datos. Journalist at Univision. Data + visualization. @UMSoC alumnus.,Spain - Uruguay - USA,https://pbs.twimg.com/profile_images/581926450485325824/v6CssBKm_400x400.png,asincopado‚Äè,http://www.lmelgar.me/
lourdes Mu√±oz,Comprometida. Promoviendo uso del #opendata @iopendatabcn Lanzando @SheLeadernet Presidenta de @donesenxarxa,Barcelona,https://pbs.twimg.com/profile_images/678750686931218432/CMBlUmaJ_400x400.png,lourdesmunoz‚Äè,http://bloc.lourdesmunozsantamaria.cat/
Julio Montes,En @DebatAlRojoVivo y maldita.es en @mhemeroteca @malditobulo @malditodato @malditodeporte #paint,montes@maldita.es,https://pbs.twimg.com/profile_images/557658856243728384/Cev4dBK5_400x400.jpeg,Montesjulio‚Äè,https://maldita.es/
Hugo Garrido,Ing. T√©c. Inform√°tica Sistemas. Periodismo en @uc3m #Periodismodatos en @ElMundoData/@elmundoes. Ense√±ando en @M_Investigacion @Master_ElMundo Chico @civio #ddj,Madrid,https://pbs.twimg.com/profile_images/1294589225/goya_400x400.jpg,hgrosado‚Äè,
Mariana Trigo Viera,"Subeditora de dise√±o interactivo en LA NACION, Argentina. Formo parte del equipo de @LNdata. Amante de la cultura nipona.","Buenos Aires, Argentina",https://pbs.twimg.com/profile_images/2365178460/45ac0i43pexybezjwq6w_400x400.jpeg,MarianTV‚Äè,http://blogs.lanacion.com.ar/data/
Paulino Vallejo,"Freelance especializado en #SIG, #SIGCloud, #DataViz, #OpenData y #WebMapping | Formador | Tutor de varios cursos en @MappingGIS donde aprendo con mis alumnos",Barcelona,https://pbs.twimg.com/profile_images/885159493285425153/qqQqyk7j_400x400.jpg,PaulinoVallejo‚Äè,http://paulinovallejo.com
Vic Oliveres,"Vict√≤ria Oliveres. Periodista - Journalist. Data journalism, interactivity and video. Now studying MA DJ at @BCUmedia  #ddj #dataviz",Birmingham / Barcelona,https://pbs.twimg.com/profile_images/726901005196091393/2-7bmXGa_400x400.jpg,VictriaVic‚Äè,https://vicoliveres.github.io/victoria-oliveres-torrescassana-data-journalism/
√†,"#journalism, #data & bread. Freelance journalist @D15info @cuinacat @tromboinfo @LaVanguardia @elpaissemanal @beteve #ddj http://bit.ly/2t1m4BI",,https://pbs.twimg.com/profile_images/972087406760472578/p81ocPv7_400x400.jpg,bbbcccnnn‚Äè,https://flavors.me/monre
Edu Mart√≠n-Borreg√≥n,Periodista de dades //Cofund @datanpress //Tec x la Transparencia en @ProjectPODER = @QuienQuienWiki y @Mexleaks //Prof @Ibero_Mx y @master_datos //Tw personal,Entre M√©xico DF i Terrassa,https://pbs.twimg.com/profile_images/838205552429760512/SxHLX3UP_400x400.jpg,emartinborregon‚Äè,http://www.emartinborregon.com/
Neus Vidal,Investigative journalist @93metros Published @thetimes @el_pais. @cityjournalism with @becarioslacaixa. Lecturer @uocuniversity Founder @transpapress #FOIA,Barcelona via London,https://pbs.twimg.com/profile_images/971054208953868293/yCy1W0HH_400x400.jpg,neusvidal‚Äè,https://www.linkedin.com/in/neusvidalmarti
Jose Luis de Vicente,New Media propagandist. Curator of experiments at @FuturEverything and @sonarplusd I deal with Data at @medialabprado. I also make exhibitions.,Barcelona / The Network,https://pbs.twimg.com/profile_images/682393004468994052/lCw43Oj-_400x400.jpg,Macroscopist‚Äè,https://about.me/jldevicente
Ximena Villagr√°n,Mi versi√≥n mejorada la crearon en @M_Investigacion | Fellow 2016 de @SchoolOfData @EscuelaDeDatos | Freelance y en @_El_Intercambio #DDJ #periodismodatos,Guatemala - Espa√±a,https://pbs.twimg.com/profile_images/838752006630166529/UlAfhsxV_400x400.jpg,ximenavillab‚Äè,
David Bernal,Coordinador multimedia de @elgraficionado. Tutor en periodismo de datos y periodismo de investigaci√≥n para Internews 2016-2018. Periodista deportivo desde 2006.,El Salvador,https://pbs.twimg.com/profile_images/549660447478018048/jQPmIZHk_400x400.jpeg,bernalpiche‚Äè,https://bernalpiche.wordpress.com/
Luis Carrillo Freyle,st. system engineery | web developer | #Dataviz | #datanalysis | #Datajournalism  #politics |#Startups | #Marketing | i like @LNdata  @worldbankdata  @CNNData,"santa marta,  colombia",https://pbs.twimg.com/profile_images/853455171694800896/V0X0clu8_400x400.jpg,freylev‚Äè,http://repdigital.blogspot.com/
daniele grasso,Italian in Madrid. Data and investigative journalism team @elconfidencial. @ICIJorg member. dgrasso@elconfidencial.com. PGP: http://bit.ly/2tDxNWr,Europe,https://pbs.twimg.com/profile_images/3410694432/ad67e9b72b7a2d488370bac71cac3e8e_400x400.jpeg,danielegrasso‚Äè,http://danielegrasso.github.io/
Daniela Q. L√©piz ŸÜ,Costa Rican #DataJournalist Coordinator at @Cenozo_Afrique  and DataJ Trainer. Previously in South Africa. #OpenData #Transparency #DataJournalism,"Cape Town, South Africa",https://pbs.twimg.com/profile_images/971036392653508612/DHsrqVs1_400x400.jpg,Dqlepiz‚Äè,
Iv√°n Ruiz,Periodista/Journalist. Investigaci√≥n & Datos en @LANACION. Muy hincha de V√©lez. Proud member of @ICIJorg. #ParadisePapers #PanamaPapers,"Buenos Aires, Argentina",https://pbs.twimg.com/profile_images/3245386234/4dd01956dd610a773c3f73d1e36da064_400x400.jpeg,iruiz‚Äè,https://www.icij.org/journalists/ivan-ruiz/
Antonio Rubio,Periodista. Doctor. Director M√°ster El Mundo/CEU y Periodismo Investigaci√≥n y Datos/URJC. http://Libros.com @P_Investigacion Asociaci√≥n Periodistas Investigaci√≥n (API),Madrid,https://pbs.twimg.com/profile_images/683697180322955264/fZBLRvtS_400x400.jpg,ARubioCampana‚Äè,https://www.escuelaunidadeditorial.es/master-periodismo-de-investigacion.html
Nacho Calle,Periodista de datos e investigaci√≥n en @sextaNoticias Formado en @M_Investigacion Miembro de @maldita_es Tambi√©n en @p_investigacion  #ddj #transparency,,https://pbs.twimg.com/profile_images/937641209471827968/Cg6UZsL3_400x400.jpg,ignaciocalle‚Äè,
Olaya Arg√ºeso,"Data journalist. Coordinator at @M_Investigacion. Before: @La_Ser, @tve_tve, ITX. @ledeprog alumna at @Columbia.",Madrid,https://pbs.twimg.com/profile_images/639365754975068162/IV8xWIPS_400x400.jpg,oargueso‚Äè,http://mapapoderfemenino.com/
Ana G√≥mez Parra,"Periodista por el mundo de vuelta a casa, reciclada con datos y ahora en @elconfidencial.  @M_Investigacion #DDJ",Madrid,https://pbs.twimg.com/profile_images/536860728599117824/f2NXBKN7_400x400.jpeg,anagomezparra‚Äè,
Patr√≠cia √Ålvarez,Periodista. Visualitzaci√≥ de dades. Caminant incansable. La vida d√≥na moltes voltes i les voltes donen molta vida.,Barcelona,https://pbs.twimg.com/profile_images/706853481894776832/OH8Lo-Td_400x400.jpg,patalgar‚Äè,https://www.instagram.com/patalgar/
Luis Sevillano,"data visualization, maps, interactives, frontend, design. Formerly @indpcom, @elespanolcom",A Coru√±a,https://pbs.twimg.com/profile_images/890241852250697728/vBlIt50V_400x400.jpg,sepirdata‚Äè,https://www.luissevillano.net/
Sandra Crucianelli,Periodista de datos Knight Fellow (ICFJ) @ICFJ #PanamaPapers y #ParadisePapers Argentina Team (ICIJ) @ICIJ Trainer for @centroknightut,"Bah√≠a Blanca, Argentina",https://pbs.twimg.com/profile_images/765630108719845376/BZrYIiO8_400x400.jpg,spcrucianelli‚Äè,https://www.icfj.org/news/knight-fellows-create-data-tools-help-journalists-tell-better-stories
Max Zierer,"Data Journalist @br_data | M√ºnchen/Barcelona | #ddj | ex @DJSde, @LaVanguardia, @SZ, @mz_de, @LNdata  | @ddjmonaco | PGP https://pgp.mit.edu/pks/lookup?op=vindex&search=0x4D68921F8C34F337¬†‚Ä¶ father of:",M√ºnchen,https://pbs.twimg.com/profile_images/698528209831358469/kXefVHh2_400x400.jpg,maxzierer‚Äè,http://maxzierer.de
Hassel Fallas,Digital project management based on data analysis & dataviz. Investigative editor teaching #datajournalism @CFPD_udgvirtual. My work https://bit.ly/2rLWP2Q,Costa Rica - M√©xico,https://pbs.twimg.com/profile_images/998653639794176000/kng7eWZ4_400x400.jpg,HasselFallas‚Äè,http://hasselfallas.com
Judith Argila,"New Platforms at @TV3cat & @CatalunyaRadio | @Google's Fellow 2017 at @risj_oxford. Wherever, thinking about Internet & Media","Barcelona, Spain",https://pbs.twimg.com/profile_images/846629131458674688/SsvyEcX3_400x400.jpg,jargila‚Äè,http://judithargila.com
Mar√≠a √ÅlvarezdelVayo,Periodista de datos. Del @M_Investigacion aprendiendo en @civio. The future ain't what it used to be.,Madrid/Badajoz,https://pbs.twimg.com/profile_images/965268886898790402/TGaqEujV_400x400.jpg,malvarezdelvayo‚Äè,https://www.flickr.com/photos/130337994@N03/
Mayra B√°ez Jimeno,Digital storyteller | Co-founder @ajplusespanol & @riseupasone | Ex @ajplus & @fusionmedia | @poderosaschicas | #NewMedia #Science #OpenData | Espa√±ol/English,"Bogot√°, Colombia",https://pbs.twimg.com/profile_images/883441356282179585/4Vfx9Bu5_400x400.jpg,mayrabaez‚Äè,https://www.instagram.com/missartifacts
Mar√≠a Isabel Maga√±a,Periodista en @datasketch. Friki formada @M_Investigacion. |Learning to #code like a journalist| #periodismodatos #DDJ #DataViz. Un pie en cada lado del charco.,,https://pbs.twimg.com/profile_images/684435932532084737/ANV0YGZu_400x400.jpg,marisamagar‚Äè,http://mariaisabelmagana.wordpress.com
S√≠lvia Galilea,"Apassionada de la comunicaci√≥ en tots els seus formats, ara a @economieslocals i aprenent noves narratives d'#opendata a @storydatabcn",,https://pbs.twimg.com/profile_images/937073333283250176/4gfMh6SN_400x400.jpg,silviagalilea‚Äè,https://www.linkedin.com/in/silviagalilea/
Billonarios,Tras la pista de los ricos espa√±oles. Data. HNWI. Wealth industry. Twelve years tracking Spanish Richest People. #Maltafiles  Jose F. Leal - elmundo.es - vk,Madrid,https://pbs.twimg.com/profile_images/431766645900468226/hPNauqZc_400x400.jpeg,ricologias‚Äè,http://www.elmundo.es/blogs/elmundo/billonarios/
Mario Vera,Periodista de @SextaNoticias @SextaNocheTV y miembro de @Maldita_es,Madrid - Cartagena,https://pbs.twimg.com/profile_images/884841009435348995/T1BrK2sL_400x400.jpg,marioverasi‚Äè,
Carlapedret,Data journalism and multimedia storytelling. Co-founder of @HacksHackersBcn. MA Online Journalism @bcumedia. Now at @CatalunyaRadio PGP: http://bit.ly/MyPGPkey,,https://pbs.twimg.com/profile_images/825077755427446784/GcXe5jbe_400x400.jpg,Carlapedret‚Äè,http://www.carlapedret.cat/
Mariana Santos,CEO @poderosaschicas Stanford @JSK Fellow @KnightFoundation Innovation Chair @FIU @ICFJKnight @guardian swim & surf,"Rio de Janeiro, Brazil",https://pbs.twimg.com/profile_images/380526409/mary15_400x400.jpg,marysaints‚Äè,https://chicaspoderosas.org/home/
Mario S√°nchez,Productor Multimedia / #Media #Producer / #Journalism #PeriodismoDeDatos- Diario La Prensa,"San Pedro Sula, Honduras",https://pbs.twimg.com/profile_images/378800000509020329/bab8c7d00004057a368e9b942146550e_400x400.jpeg,MSanchez_HN‚Äè,http://www.laprensa.hn/
S√©rgio L√ºdtke,Jornalista. Digital Media: #Journalism #Periodismo #Jornalismo #DDJ #DataViz On Flipboard: https://flipboard.com/@ludtke,Brazil,https://pbs.twimg.com/profile_images/943247164947484674/5Zom1p0D_400x400.jpg,ludtke‚Äè,http://interatores.com/
Marcos Garc√≠a,,madrid,https://pbs.twimg.com/profile_images/649704365863911424/SF-NH8SU_400x400.jpg,marcosgcm‚Äè,
Juanjo Cerero,"Datos en @ideal_granada. Aprend√≠ Excel en @sevillareport. Tambi√©n escribo (cada vez menos) en @Bukowski. No tengo opini√≥n, todo es iron√≠a.",Granada,https://pbs.twimg.com/profile_images/949275016746676225/ISFzjc2L_400x400.jpg,juanjocerero‚Äè,http://juanjocerero.es/
Lilia Sa√∫l Rodr√≠guez,Periodista. Editora en Iniciativa para el Periodismo de Investigaci√≥n ICFJ/@ConnectasOrg. Integrante d @ChicaPoderosamx y @mxinformate #ddj #periodismodedatos,Mexico,https://pbs.twimg.com/profile_images/795900918592110592/aulgDFTJ_400x400.jpg,liliasaul‚Äè,https://www.connectas.org/
Ana Ordaz,Periodista. Ahora aprendiendo en @M_Investigacion. A veces colaboro con @eldiarioes @eldiarioAnd. Siempre tengo los pies fr√≠os.,Madrid | Sevilla,https://pbs.twimg.com/profile_images/981492125408944133/X-YECKvC_400x400.jpg,AnaOrdaz_‚Äè,https://www.eldiario.es/autores/ana_ordaz/
Marian Chaparro,Doctora en Periodismo | Profesora de redacci√≥n y transparencia | Directora del m√°ster en periodismo de datos de @UNIRuniversidad,Madrid,https://pbs.twimg.com/profile_images/887415078701674496/ahKHji7u_400x400.jpg,marianchaparro‚Äè,https://www.researchgate.net/profile/Maria_Angeles_Chaparro
Luis Garmor,Looking through optics not only made of glass: Content Film/Audiovisual/Photo/Motion AllThingsDigital @visualarmada @eon_neon_,"Mexico, Germany",https://pbs.twimg.com/profile_images/968255340352487424/OeJ1Kqqx_400x400.jpg,luisgarmor,
Rafa Moreno,Digital Project Manager & Digital Marketing Consultant | Business Development at @ElConfidencial | Founding Editor at @ZonaCoWorking,"Tres Cantos, Madrid",https://pbs.twimg.com/profile_images/842145153041203200/oIvDp0tN_400x400.jpg,rafmor,http://www.zonacoworking.es/
Nadia Fankhauser,"InfoVis lover, librer√≠as, cocinas del mundo y mejorar mis preguntas. Pinto datos en @elartedemedir",Madrid,https://pbs.twimg.com/profile_images/898272047851331584/526s_qDz_400x400.jpg,nadiafank,
Yuri Engelhardt,"Data Visualization, Information Graphics, Maps, Visual Analytics. Researcher @GeoVisLab and @DataVisUT ‚Äì Passions: My Kids, People, our Planet.",Europe,https://pbs.twimg.com/profile_images/912363545857314816/Qz_PPHl2_400x400.jpg,YuriEngelhardt,http://yuriengelhardt.com/
Willian F. Ara√∫jo,Journalist and PhD in Communication and Information at UFRGS/Brazil. Researching = STS + Algorithms + Personalization + Digital Platforms,Brasil - Porto Alegre,https://pbs.twimg.com/profile_images/909759488676200449/hp1uGp5m_400x400.jpg,willianaraujo,https://willianfaraujo.wordpress.com/
V√≠ctor Caballero,Re:Inventing Media,Madrid,https://pbs.twimg.com/profile_images/1368607268/fotostamp_400x400.jpg,vectart,http://www.vectart.com/
√Ålvaro Santamar√≠a,Data Science @ ITRS / Coding ideas @ http://dofideas.com,"M√°laga, Mediterranean Sea",https://pbs.twimg.com/profile_images/517055786506141696/ZYLpy1Rn_400x400.jpeg,dofideas,http://www.t-cracia.info/
Adolfo Sanz De Diego,Desarrollador web. Asesor en la @ComunidadMadrid. Fundador de @HackathonLovers. Colaborador como profesor en @UAHes y como  formador en @Pronoide.,Madrid,https://pbs.twimg.com/profile_images/666289426021117954/ofCOjvYf_400x400.jpg,asanzdiego,https://www.asanzdiego.com/
Carlos E Chavez,Researcher and data scientist. PhD in Mathematical Engineering @uc3m.,"Madrid, Comunidad de Madrid",https://pbs.twimg.com/profile_images/669825425753972736/LXP72rw3_400x400.jpg,CarlosEChavez3,https://twitter.com/carlosechavez3
Mar√≠a Navarro,Periodista en la #LaCafetera de @radiocable. De L-V a las 08:30,Spain,https://pbs.twimg.com/profile_images/995976043440824320/19d-oKQd_400x400.jpg,mariapuntoes,https://www.spreaker.com/user/radiocable
Carmen Torrecillas,"Passionate about #dataviz, #GIS maps & #parametricdesign | Finally architect... thinking what's next? | Past @ooopart co-founder","Granada, Spain",https://pbs.twimg.com/profile_images/685923044066484229/kw0Gadp2_400x400.jpg,carmen_TM_,https://www.carmentorrecillas.com/sierranevada
Maria G. Picatoste,Periodista. Community Engagement Manager en @EndeavorEspana. Edito @rakontant. A rising tide lifts all boats  http://www.rakontant.com,Spain,https://pbs.twimg.com/profile_images/465893963015016448/NAxDTf-l_400x400.jpeg,pikatoust,https://mariagpicatoste.com/
David G. Ortiz,"Periodista geek. Cofundador de @HojadeRouter. Escribo en @Tecnoxplora, @Teknautas, @Prodigios_EE, @YorokobuMag y @carnecrudaradio. Pico c√≥digo en la intimidad.",Madrid (Spain),https://pbs.twimg.com/profile_images/378800000073446746/7f2c1bf5b47899735f71d78b488dcc33_400x400.jpeg,GomezOrtiz,https://www.eldiario.es/hojaderouter/
isa,Soy la capitana de http://lanavenodriza.com¬† y partner de http://ilios.org,,https://pbs.twimg.com/profile_images/513990994841194496/nnmH3GCU_400x400.jpeg,ludita,
Vict√≤ria Mir√≥,Periodista a @tv3cat. #Tecnologia i #culturadigital al #TNTV3. Abans @324cat. Professora a @BlanquernaFCRI. El @MasterLitTIC em va dur fins a NY,Barcelona,https://pbs.twimg.com/profile_images/517762833162199040/oo94o8y1_400x400.jpeg,vickymiro,https://vickymiro.cat/
Francesc Garc√≠a,#SIGMAresearch Consultant @SIGMA_AIE #SIGMAAIE; Assistant Professor @Dret_UB; Student @UOCinfocom #GEICOUOC. RTs ‚â† endorsements; My tweets are my own #MTAMO.,"Barcelona, Catalonia",https://pbs.twimg.com/profile_images/1757695915/wa_yeah_400x400.gif,txescu,https://www.linkedin.com/in/txescu/
Aleix Ruiz de Villa,PhD in mathematical analysis. Chief Data Scientist at Onna,Barcelona,https://pbs.twimg.com/profile_images/627604733537165312/GoIgj5tZ_400x400.jpg,aleixrvr,http://www.aleixruizdevilla.net/
David Rojo,Periodista. Podr√≠a ser peor.,"Madrid, Espa√±a",https://pbs.twimg.com/profile_images/548953079358697472/TwXHLhSL_400x400.jpeg,RojoVegas,
Francesc Pons,"Analizando datos, escuchando personas.","Barcelona, Espa√±a",https://pbs.twimg.com/profile_images/669884484020477952/kcitGbiC_400x400.png,analystener,
F√©lix Pedrera,"Projects manager @ElecnorDeimos. Interested in data science, open data and GIS.","Colmenar Viejo, MAD, Espa√±a",https://pbs.twimg.com/profile_images/844505477287424004/0tnYTi47_400x400.jpg,fpedrera,
Pau Minoves,"Innovation, politics, software and . RT is not endorsement.",Barcelona,https://pbs.twimg.com/profile_images/741954306132303872/X-umyR1T_400x400.jpg,pminoves,
Marc Bast√©,"Digital and media strategist. Media Startup investor, entrepreneur and adventurer. Managing partner at Innovation Media Consulting.","Barcelona, Catalu√±a",https://pbs.twimg.com/profile_images/522757428312432641/ovmT4xQI_400x400.jpeg,mbaste,https://innovation.media/
To‚Äèni Piqu√© ŸÜ,Journalist. Consultant on content development & newsroom organisation. Now at http://www.elnacional.cat,Barcelona,https://pbs.twimg.com/profile_images/789754712480477184/GwX974RN_400x400.jpg,ampique,http://www.paperpapers.net/
Manuel Arenas,Periodista. Contraportada de los lunes y reportajes del √°rea metropolitana de Barcelona en @elperiodico. Aprendo de la gente corriente.,manuel7arenas@gmail.com,https://pbs.twimg.com/profile_images/962396333834416128/fp3mp9Nz_400x400.jpg,Manuel7Arenas,https://www.elperiodico.com/es/autor/manuel-arenas/
Victoria Gomez,Proud #IBMer ‚òÖ passionate about #BigData & #cognitive ‚òÖPatent holder of #3Dvision for #UAV #drones‚òÖTweets are my own,Madrid,https://pbs.twimg.com/profile_images/551170632030113795/0ZK1845u_400x400.jpeg,mvgomezf,
Santiago Mota,Corporate Advisor. BI Consultant. Big Data Professor at @eoi and @UNED. @kaggle Master,Madrid,https://pbs.twimg.com/profile_images/753660502895656960/uoNvcbw3_400x400.jpg,mota_santiago,https://www.linkedin.com/in/santiagomota/en/
Juan M. Zafra,La revoluci√≥n digital requiere generosidad y transparencia. Me encanta lo que hago. ¬øCompartimos?,Madrid-Spain,https://pbs.twimg.com/profile_images/965244043935584256/6o0EEWoR_400x400.jpg,prensa14,http://www.aicomunicacion.es/
Mathieu Poussin ¬†üá´üá∑,"Head of Infrastructure at @lodgify. #AWS, #Cisco, #Juniper fan. #Go and #Python are my weapons. #French in #Barcelona. Thinking on my own","Barcelona, Catalonia",https://pbs.twimg.com/profile_images/890853757747154945/pTeCSi1c_400x400.jpg,kedare,https://blog.kedare.net/
Emerson Castaneda S,Learner. Apachesparker. Computational Creativity Follower. Software engineer. exPhD Student. JavaMan. OpenSource. GIS developer. World Citizen. Fuzzy. IEEE. IoT,MADRID - NYC - DFW - BOGOTA,https://pbs.twimg.com/profile_images/467939770308370432/0ZEX2Pjk_400x400.jpeg,emecas,
Olivier Plante,3x co-founder & now CEO of @fleksy product - leading A-player team #privacy #encryption,Barcelona/London,https://pbs.twimg.com/profile_images/848529090474803200/MQ7a0dGc_400x400.jpg,oplante,http://www.fleksy.com/
Penelope lopez,Twin sister of @MisoClever22. Co-founder of @cybercodetwins. #Calstatela student that does #IoT #3dprinting #unity3d #vr #drone #civichack @latinabikerfilm,East LA,https://pbs.twimg.com/profile_images/509022704335216640/hLXptHhZ_400x400.jpeg,dtlabikers,http://cybercodetwins.com/
Francisco Asensi,"Mixing digital with TV, tech, games and data to transform media and entertainment industry @InnovacionAv member #tv #transmedia #eSports #robots #drones #music",Madrid,https://pbs.twimg.com/profile_images/814061771279519744/JnB5PZn__400x400.jpg,fasensi,https://innovacionaudiovisual.com/author/fasensiv/
Sandra Lomas,Connecting Public Administration with day-to-day‚Äôs operations #DigitalTransformation #OpenGovernment #OpenData #Healthcare [en] [es] [ca],"Barcelona, Catalunya",https://pbs.twimg.com/profile_images/902190853392871424/Yy1HS8Bi_400x400.jpg,sandralomas,https://www.linkedin.com/in/sandralomas/
Pablo Castellano,"Free software developer. Now focused on http://libreborme.net¬†. I like cryptography, networks, wikis and #opendata. | PGP: https://keybase.io/pablog",Barcelona,https://pbs.twimg.com/profile_images/827924497948954625/FwADZ3Cc_400x400.jpg,_pablog,https://pablog.me/
Saigesp,Code & Design | Data hunter-gatherer | Brownie Manager | http://dataira.com¬† | http://datahippo.org,Barcelona,https://pbs.twimg.com/profile_images/955073651648401408/jkJlvD_F_400x400.jpg,Saigesp,http://www.saigesp.es/
EP,Political Scientist | Data Science @netquest,"Barcelona, Espa√±a",https://pbs.twimg.com/profile_images/942176013408243717/CeezqQGL_400x400.jpg,ezequielpaura,
Miriam Ruiz Castro,Periodista. En @ObjetivoLaSexta. A veces junto letras en @elperiodico. Siempre aprendiendo. Miriamruiz33@gmail.com,Madrid,https://pbs.twimg.com/profile_images/973159411047895041/6UpZ984C_400x400.jpg,MiriamRuiz_,https://www.linkedin.com/in/mruizcastro/
Joaquin,"Geek squirrel , Spanish omelette lover, AtosTeam Player. #eessi #cybersecurity #datascience My Twitter, my rules.",Arkham asylum,https://pbs.twimg.com/profile_images/993759859811155968/cAdQy5T0_400x400.jpg,peevish_boy,
Jaime J Candau,"Saving the world from crap movies at @isnotTV. Numbers geek, gay, cycling, paddle & occasionally yoga",Barcelona/London/Hamburg,https://pbs.twimg.com/profile_images/3734431771/578716434c0333febd899dd0e082dece_400x400.png,JaimeJCandau,http://www.jaimejcandau.com/
Celia Valdeolmillos,"Tecnolog√≠a y vida digital. Co Founder de The Unnamed Project, Co Founder y editora de Tek'n'Life, redactora de tecnolog√≠a y consultora de comunicaci√≥n freelance","Madrid, Spain",https://pbs.twimg.com/profile_images/184803969/argyle1331_msn_com_4b995241_400x400.jpg,Argyle13,https://about.me/celiavaldeolmillos
Marco Antonio Sanz,"i love #Apis, i love #Cloud and i love #Big Data. All in one.",,https://pbs.twimg.com/profile_images/663809383919390721/72DP85UH_400x400.png,MarAntonio82,
Jordi Rosell,"Data-driven digital business optimization, @ducksinarow_ Partner & CTO. #measure #cro #ux Castellano https://www.thediar.com/es/¬† English https://www.thediar.com/en/","Barcelona-Aiguafreda-Sant Cugat, Osona-Vall√®s, Catalunya-Espa√±a, Europe",https://pbs.twimg.com/profile_images/685076783557902336/I8f4bwi4_400x400.jpg,jrosell,http://elnostreraco.com/blog/?utm_source=twitter.com&utm_medium=referral&utm_cam
Bea Zigiella,Digital & Data Strategist / Business Advisor #technology #innovation #marketing #digital #bigdata #machinelearning #agile #cx #ux,Saturno,https://pbs.twimg.com/profile_images/768156840/beaX4_74kb_400x400.jpg,zigiella,https://www.linkedin.com/in/beatrizmartin/
Carlos Herrera,Toco teclas. GIS Developer en Esri Espa√±a.,"Madrid, Comunidad de Madrid",https://pbs.twimg.com/profile_images/778292910395629572/4pHLcIAG_400x400.jpg,MundoGISter,http://mundogister.github.io/
Mariano Blejman,"CDO at Grupo Octubre, director at http://mediaparty.info¬†, manager at @Mediafactory_vc. Former #hhba runner, Knight Fellow for ICFJ & editor in P√°gina/12.",,https://pbs.twimg.com/profile_images/1794584758/blejman-bcok_400x400.jpg,blejman,https://www.linkedin.com/in/marianoblejman/
Iv√°n Blanco,"I speak Spanish to my friends, English to my colleagues, R to my data. Where data, models and simulation converge with probability one.",Guadalajara (Spain),https://pbs.twimg.com/profile_images/443692226606936064/clvX_uDN_400x400.jpeg,vanyablanco,https://www.linkedin.com/in/vanyablanco/?locale=en_US
Txema ¬†‚ö°Ô∏è,"Android Lead @jobandtalenteng. Escribo en blogs, programo para m√≠ y para otros. Loves GraphQL. Lead Editor @genbetadev.  Formerly @idealista. Rayo  Runner ‚Äç",Madrid,https://pbs.twimg.com/profile_images/936536645897244672/pJ7kPbXX_400x400.jpg,durbon,http://www.durbon.com/
Pablo Acu√±a,Creando experiencias con redes sociales en @guud + Ingeniero y Doctor en Inform√°tica por la @UC3M,"Madrid, Spain",https://pbs.twimg.com/profile_images/983304349077123072/cbCSfYl5_400x400.jpg,pacunar,http://www.pabloacuna.net/blog/
Franklin Garcia,"Co-Founder of RainforestLab. Java and Android Developer, openwater swimmer, runner, Gamer,G33k, Amateur Photographer and Videographer, Arduino Hacker",Costa Rica,https://pbs.twimg.com/profile_images/804482438772748289/EOmxLmY3_400x400.jpg,fr4gus,http://www.fr4gus.com/
Mercedes Fiz,"UX/UI Designer (Degree in Graphic Design, FADU), music nerd, in love with dataviz. Part of the team @mercadolibreux, ex¬†@datosgobar.","Buenos Aires, Argentina.",https://pbs.twimg.com/profile_images/724348637770317824/3ALK-4bu_400x400.jpg,mechafiz,https://www.behance.net/mechafiz
MaRia Renci,Equipo de desarrollo de La Izquierda Diario,,https://pbs.twimg.com/profile_images/677293430075228161/FQ6jipKF_400x400.jpg,MaRia_Renci,
Andr√©s V√°zquez,"Director de Sistemas en la @municba. Datos abiertos y software libre. Miembro @opendatacba, responsable de @municipedia y @dominiosAR.","Mendiolaza, C√≥rdoba, Argentina",https://pbs.twimg.com/profile_images/989472241275539456/QpAycCv4_400x400.jpg,avdata99,https://andresvazquez.com.ar/blog/
Gabriel Eisbruch,"Developer, Techie, Architecture & Infraestructure Sr Manager @mercadolibre","-34.636253,-58.491796",https://pbs.twimg.com/profile_images/1642849036/twitter_400x400.jpg,geisbruch,
Alvaro Liuzzi,Consultor en Medios y Proyectos Digitales,"La Plata, Argentina.",https://pbs.twimg.com/profile_images/881705122782380037/SwsJvMzX_400x400.jpg,alvaroliuzzi,https://medium.com/@alvaroliuzzi/lic-alvaro-liuzzi-d7374616152d
NachoCastro,"Disl√©xico, errante y distra√≠do. Ya estoy viejo para madurar. #HHMZA - Coordinador de Medios de la @UNCUYO en @unidiversidad_","Mendoza, Argentina",https://pbs.twimg.com/profile_images/640368473164677120/86xiZ708_400x400.jpg,nachocastro,http://www.unidiversidad.com.ar/
Alba Mora Roca,@Ajplusespanol Executive Producer ¬ª Leading everything visual @verificadomx ¬ª Class 2017 @ONA #digitalwomenleaders ¬ª Digital storyteller¬ª Bad @ email ¬ª Persona,Internet,https://pbs.twimg.com/profile_images/789341474018119680/qO5iQty8_400x400.jpg,albamoraroca,http://www.albamoraroca.net/
AdrianPino,"Periodista. Coordinador de Datos Concepci√≥n. Apasionado por el Periodismo de Datos, DataViz y apps c√≠vicas. Docente Universitario. Amante del mate amargo (Arg)",,https://pbs.twimg.com/profile_images/539615959976534016/FP2Y1cGC_400x400.jpeg,adrianpino22,https://www.datosconcepcion.com.ar/
Fabio Ferrer,Abogado. Posgrado en Derecho Procesal Penal. Cursando posgrado en Prevenci√≥n de Lavado de Activos. Locutor. Periodista en @infobae y @cadena3com. Knowmad,"Buenos Aires, Argentina",https://pbs.twimg.com/profile_images/680736171845091328/XhinLHZ5_400x400.jpg,fabioferrer,https://fabioferrer.com.ar/
Leo Oliva,"Periodista (@LosAndesDiario). Docente (@UNCuyo). Autor del libro ""La Radio en Mendoza. De la galena a los auditorios""",Mendoza - Argentina,https://pbs.twimg.com/profile_images/656850308186947585/CKzjwfUo_400x400.jpg,loliva,https://www.facebook.com/LaradioenMendoza/
Germ√°n Silva,Antrop√≥logo. #SNA #ARS #Antropolog√≠a #datos  PGP:http://pgp.mit.edu/pks/lookup?op=vindex&search=0xEC3AEE4FC1577787¬†‚Ä¶,,https://pbs.twimg.com/profile_images/721209961230045184/AyE2x4bX_400x400.jpg,gerfranc,https://www.linkedin.com/in/silvagerman
Montecarlo,"Storyteller, Filmmaker, Transmedia Architect / Stories shape the world. We are stories. Let's find yours together!",On the road,https://pbs.twimg.com/profile_images/516148531363475456/fVbCtb7u_400x400.jpeg,Imastranger,https://about.me/MonteCarIo
Marcos Quiros,Founder/CEO - @getedis,"Naples, Florida, United States",https://pbs.twimg.com/profile_images/846898474314452993/nIvmZaPE_400x400.jpg,Mquiros,http://www.edis.io/
Olivia Sohr,"Trasandina, soci√≥loga y periodista.  Trabajo en @Chequeado y en #AntesQueNadie de 5 a 6 por @Metro951.",Buenos Aires,https://pbs.twimg.com/profile_images/378800000559508753/ba631bc1751b60b1be3fdef0490cdc8f_400x400.jpeg,olisohr,http://chequeado.com/
Florencia Aza ¬†üí´,Periodista || Editora Social Media en @Unoar ||  @ICFJ Fellow in @reveal | Fan de casi todo,"Buenos Aires, Argentina",https://pbs.twimg.com/profile_images/852816385465909249/O6lCkQw0_400x400.jpg,floraza,https://about.me/florencia.aza
Pitu Pintos,Head of Online Marketing @clarincom #suscripciones #paywall,Argentina,https://pbs.twimg.com/profile_images/662010073061961728/uj26rFOR_400x400.jpg,pitupintos,https://about.me/gabrielapintos
citizenziggy,nugga nugga!!!,everywhere,https://pbs.twimg.com/profile_images/411436950/ziggy_400x400.jpg,citizenziggy,http://citizenziggy.com/
Hector Milla,"Vide√≥grafo y fot√≥grafo. Pionero del v√≠deo online en Espa√±a. Camino por ciudades y monta√±as. He vivido y vivo en tres ciudades, Lima, Par√≠s y Barcelona.",Barcelona,https://pbs.twimg.com/profile_images/624180846300409856/_2D44mKe_400x400.jpg,hectormilla,https://about.me/hectormilla
Sebasti√°n Bravo,Periodista. ExJefe de Redacci√≥n Digital @DiarioElLitoral | Artesano de @cervezaelperro | Chef offshore,Argentina,https://pbs.twimg.com/profile_images/2436016287/30cb4390-f061-4087-b9bc-669cfc31ffac_400x400.png,puchobravo,https://about.me/sebastianbravo
Christine Zhang,journalist/nerdy data person. now @twosigma. past lives @opennews @LATdatadesk @latimes @BrookingsGlobal. i think & tweet for myself. ychristinezhang @ gmail,"New York, NY",https://pbs.twimg.com/profile_images/1838605065/z_485_400x400.jpg,christinezhang,http://underthecurve.github.io/bylines/
Guadalupe L√≥pez,"Directora de Acceso a la Informaci√≥n P√∫blica en @BAprovincia. Periodista, #narda y docente de alma. Mam√° de #NinaLove","La Plata, Argentina",https://pbs.twimg.com/profile_images/791484411808276480/uDGJ4aE__400x400.jpg,guadalopez,
Antonio Jim√©nez,@DataBaseAR and @vozyvoto18 creator. I ran http://ameliarueda.com¬†. 2012 Visiting Writer at @NiemanLab. 11-12 Fulbright's Humphrey Fellow @cronkite_asu,"San Jos√©, Costa Rica",https://pbs.twimg.com/profile_images/820442108138049536/CdYl39jN_400x400.jpg,eleditor,http://databasear.com/
Juan Schwindt,"Ruby on Rails developer, frustrated chess player. Now trying some luck in golf. CTO & Founder @ @getcroma","Buenos Aires, Argentina",https://pbs.twimg.com/profile_images/787065151363178496/ygwL_EJn_400x400.jpg,jschwindt,https://croma.io/
Nicol√°s P√≠ccoli,"Periodista. Productos digitales en @rionegrocomar. Antes @clarincom, @agenciatelam, @ciudad_com.","General Roca, Argentina",https://pbs.twimg.com/profile_images/477286769210445825/IZeXRGYX_400x400.jpeg,sic,http://nicolaspiccoli.com/
christian parsons,searching for the shape of data,"Buenos Aires, Argentina",https://pbs.twimg.com/profile_images/2238101484/Cameralucidadiagram_250x250_400x400.jpg,ch_parsons,http://christian-parsons.com/
Bruno Grappa,Periodista. Coordinador de Angular // Hincha de Rosario Central y de Les Luthiers.,,https://pbs.twimg.com/profile_images/864849513051303940/kyXQKkXI_400x400.jpg,GrappaRc,http://espacioangular.org/
Laura Paonessa,"Impulso procesos de innovaci√≥n abierta en @el_BID. Pregunto si no s√©, pido ayuda si no puedo. #SocEnt #OpenGov Fellow #GCLimpact #FellowshipOEA #UnleashLab2017","Washington, DC",https://pbs.twimg.com/profile_images/921163566807429120/7ZLDAmG5_400x400.jpg,laurapaonessa,https://www.linkedin.com/in/laurapaonessa/
CLAN BALACHE,http://instagram.com/diermez¬† - http://ClanBalache.BandCamp.com¬† http://soundcloud.com/clanbalache. #Sound #Visuals #Code,Buenos Aires,https://pbs.twimg.com/profile_images/604776316005699584/TPYFGmrb_400x400.png,ClanBalache,https://www.instagram.com/diermez/
Matthew Caruana Galizia,Investigative journalist and software engineer from the Kingdom of Malta. Write to mattcg@gmail.com. PGP key: 0xED9282. Signal/WhatsApp: +35699139166.,"London, England",https://pbs.twimg.com/profile_images/942520049360875522/umsJnQNg_400x400.jpg,mcaruanagalizia,https://daphnecaruanagalizia.com/
Christian Cibelli,Head of IT & Development en @clarincom - Hago que las cosas pasen - Trainer en @_digitalhouse - Nunca no estoy ansioso,Ciudad de Buenos Aires,https://pbs.twimg.com/profile_images/1001081237916868609/rfHnNBWv_400x400.jpg,chcibelli,https://github.com/chcibelli
Justin Arenstein,Investigative journalist & #CivicTech strategist. Manages innovation fund + tech labs across Africa. Founder @afriLEAKS + @Code4Africa + @AfricanCIR + @HHAfrica,Africa,https://pbs.twimg.com/profile_images/419340887/JUSTIN_400x400.jpg,JustinArenstein,https://www.linkedin.com/in/justinarenstein/
AbelEscuderoZadrayec,"Periodista. Bahiense. Editor en Clar√≠n. Docente en la UAI. Dirig√≠ http://lanueva.com¬† 12 a√±os. River, Liniers; asado, cabernet, ales; viajar, bucear. #beerstorming","Buenos Aires, Argentina",https://pbs.twimg.com/profile_images/974203021/P4240271_400x400.JPG,abel_ez,http://yelresto.blogspot.com/
DataNauta,Data Analyst with OpenSource Tools #R #Python #KNIME #Gephi #LibreOffice. Formador en @barcelonactiva [@erodriguezgar|@sin_mapa],Cerdanyola (B) :: Robledo (AB),https://pbs.twimg.com/profile_images/526710624445685762/RTCABa-f_400x400.png,datanauta,http://datanauta.com/
Juan Ignacio Sixto,"Periodismo digital. M√©tricas, trends, contenido mobile y cross platform. Coordin√© proyecto Cross-Media Newsroom de Artear/TN. Ahora innovaci√≥n y VR/360!",Argentina,https://pbs.twimg.com/profile_images/648920381726830592/Wy-nBnP8_400x400.jpg,juanisixto,https://www.linkedin.com/in/juan-ignacio-sixto-153b3095/
Brom Ricardo German,"From La Nacion, searching data, wherever it is.",,https://pbs.twimg.com/profile_images/1847841246/Ricardo6_400x400.JPG,rgbrom,https://www.lanacion.com.ar/
Santiago Radice,"Periodista. Social Media, audiencia, tecno e innovaci√≥n. Trabaj√© en @clarincom, @Infobae y @Ambitocom. Hoy en @Cronistacom.",,https://pbs.twimg.com/profile_images/868578050161692672/50JBOmim_400x400.jpg,santiradice,https://www.cronista.com/
Cecilia Di Lodovico,Periodista en @perfildiario. Tambi√©n soy Deymonnaz. Coautora de Angeles. Mujeres j√≥venes v√≠ctimas de la violencia @del_empedrado. #22F #2A #30D #NiUnaMenos,"Buenos Aires, Argentina",https://pbs.twimg.com/profile_images/943959361612926978/60ZQ0Hdr_400x400.jpg,cdilodovico,https://ceciliadilodovico.wordpress.com/
William Lyon,Tiramisu aficionado. Graph Hacker @neo4j. 5th generation Montanan.,Yay Area!,https://pbs.twimg.com/profile_images/502931400882794496/Dy9gq9V2_400x400.jpeg,lyonwj,https://www.lyonwj.com/
Oscar Castilla C.,Director ejecutivo de @Ojo_Publico #Watchdog #MementoMori [ocastilla@ojo-publico.com],"Lima, Per√∫",https://pbs.twimg.com/profile_images/790290995074240516/eoAoYorC_400x400.jpg,joscarcastilla,http://ojo-publico.com/
Ben Welsh,"Editor, @LATdatadesk at @latimes ¬∑ Organizer, http://www.californiacivicdata.org¬† ¬∑ Archivist, http://pastpages.org¬† ¬∑ Send tips to ben.welsh@latimes.com",Live and direct,https://pbs.twimg.com/profile_images/575168731417944064/T-S7fg3H_400x400.png,palewire,http://palewi.re/posts/2018/04/14/my-times/
Mart√≠n R.K.,Ar√© lo que pude. El resto qued√≥ sin arar. Comunicaci√≥n en la UBA. Parte del mundo @datosuba. Zurdo.,,https://pbs.twimg.com/profile_images/526876330751586304/G7hPGfYX_400x400.jpeg,martinked,http://aquellascosas.tumblr.com/
Giannina Segnini,"Director, Data Journalism Degree at Columbia Journalism School. U2 fan since 1983. PGP key https://goo.gl/33HGJF","New York, NY",https://pbs.twimg.com/profile_images/909430587148111872/2TSsJwT5_400x400.jpg,gianninasegnini,https://journalism.columbia.edu/faculty
SeirenFilms,Historias inscriptas en todas las superficies. El palacio temporal de los #storyhackers Tweets by M.Laura Ruggiero All for #womenintech #womeninfilm,Flying from Latin America.,https://pbs.twimg.com/profile_images/911320006373314560/JdHwB5-3_400x400.jpg,seirenfilms,https://www.facebook.com/SeirenFilms/
Ramiro Silveyra d'Avila,Front-end web developer at @auth0. Learning :),"Paran√°, Argentina",https://pbs.twimg.com/profile_images/779558408659820544/_YPgH4xe_400x400.jpg,ramasilveyra,https://github.com/ramasilveyra
Frank Bi,building things at @SBNation / @aaja member,New York City,https://pbs.twimg.com/profile_images/1001640750969511936/UmilqNVO_400x400.jpg,frankiebi,http://frankbi.github.io/
Fran,Front End Dev @WeArePulpo,Argentina,https://pbs.twimg.com/profile_images/451727778011172865/lGlxtX_S_400x400.jpeg,fcaivano,http://www.franciscocaivano.com/
Ernesto Mislej,"Co-founder of 7Puentes. Data Scientist, entrepreneur and Irina & Le√≥n's father. Machine Learning & Artificial Intelligence professor at CS Department, UBA",Buenos Aires,https://pbs.twimg.com/profile_images/911990128708636672/S2AekXjo_400x400.jpg,fetnelio,http://7puentes.com/
Tarek Amr,"Data Scientist at @Catawiki, Machine Learning, Reinforcement Learning, Bayesian Statistics, Open Data and NLP","Amsterdam, NL",https://pbs.twimg.com/profile_images/984459601591656450/nWe_9ryl_400x400.jpg,gr33ndata,http://tarekamr.com/
Luz Mely Reyes,Periodista venezolana. Cofundadora y directora general  @EfectoCocuyo. International Press Freedom Award 2018. Tow-Knight Fellow 2016.,"Caracas, sucursal del cielo.",https://pbs.twimg.com/profile_images/1011790666849013761/4pH6USiX_400x400.jpg,LuzMelyReyes,http://efectococuyo.com/principales/
Miriam Hernanz,"Periodista, escribo con libertad en Twitter. Me ponen las nuevas narrativas audiovisuales y no lo oculto. (Cuenta personal)",,https://pbs.twimg.com/profile_images/1005362625172197376/VEBUWHIF_400x400.jpg,miriamhernanz,
Be.,Periodista. Datos. bbelmontea@gmail.com,,https://pbs.twimg.com/profile_images/896394091432423424/45rjmbCq_400x400.jpg,bbelmontea,
Manu Ureste,Periodista en Animal Pol√≠tico. @LycheM a mi lado. Premio Ortega y Gasset 2018. Coautor del libro 'La Estafa Maestra'. Tips: mureste@animalpolitico.com,Ciudad de M√©xico,https://pbs.twimg.com/profile_images/1000018506459631617/pGYPr9Vy_400x400.jpg,ManuVPC,
Laura_Weffer,"Periodista y venezolana, a mucha honra. Directora editorial y cofundadora de @efectococuyo. Este espacio es para compartir opiniones sin insultos.",Carakistan,https://pbs.twimg.com/profile_images/1000399365742133248/rQUVl-HQ_400x400.jpg,Laura_Weffer,http://efectococuyo.com/principales/
Cristina Gonz√°lez,Trabajo en investigaciones period√≠sticas,"Caracas, Venezuela",https://pbs.twimg.com/profile_images/967217385093718016/-Ml26DIf_400x400.jpg,CristinaCGP,
Julett Pineda,"Periodista. Cubro la fuente Salud en @EfectoCocuyo. De Kapuscinski  me quedaron las ganas de escribir. De Capote, el l√°tigo.",Caracas,https://pbs.twimg.com/profile_images/602122053265858560/4fUFK060_400x400.jpg,julepineda,https://letrarevuelta.wordpress.com/
Cristina Mas,Journalist @diariARA. Views are on my own.,,https://pbs.twimg.com/profile_images/990253107090284544/t8Un64XS_400x400.jpg,cristinamas_,https://www.ara.cat/internacional/
Endika Nu√±ez,Visualizaci√≥n y an√°lisis de datos. Ingeniero de desarrollo de procesos.,,https://pbs.twimg.com/profile_images/997873561762181122/1-adI7oL_400x400.jpg,EndikaSatu,https://medium.com/@endika.nl
Agus tinA,"Periodista, ex @laverdad_es Ali @sextaNoticias - #ddj y #transparencia en @M_investigacion - Chocolate junkie",Spain,https://pbs.twimg.com/profile_images/808726352304214021/bDxA9tKl_400x400.jpg,aguspr89,
Alex Estrag√≥n,"Aficionado del terrible oficio de escribir. Buceador en los oc√©anos de las palabras, para no ahogarse en ellas...","Bah√≠a Blanca, Argentina",https://pbs.twimg.com/profile_images/3093272961/514b1919095b5758af5839869b0957ba_400x400.jpeg,AlexEstragon,
nataliaschnaider,Periodista/ Escritora/ Docente,Bah√≠a Blanca (Bs. As),https://pbs.twimg.com/profile_images/977373837389107200/PuqQ7pak_400x400.jpg,nataliaschnaid2,http://www.instantaneapoesia.com/
Miguel Paz,"Journalista. Professor at @cunyjschool, @niemanfdn @bkcharvard fellow 15¬¥, Knight @icfj fellow 14¬¥, alumni @poderopedia @knightfdn @elmostrador @startupchile",New York - Santiago,https://pbs.twimg.com/profile_images/940024214454788096/CePpz7Sw_400x400.jpg,miguelpaz,
Irene de la Torre,Graphic journalist and information designer. Alumni of the #IDV program at @NU_CAMD with @BecarioslaCaixa (2014). Now at @SenseableCity doing #dataVisualization,Madrid / Boston,https://pbs.twimg.com/profile_images/530415046967320576/Za9Syquu_400x400.png,inari_ta,https://irenedelatorrearenas.wordpress.com/
Jhon Lindarte,Reportero venezolano en #Bogot√°. Periodista en @NTN24 - Blogger,"Bogot√°, D.C., Colombia",https://pbs.twimg.com/profile_images/989593017282678784/Pd3qHCPz_400x400.jpg,JhonLindarte,http://elinmigrantevenezolano.blogspot.com/
Yolanda Clemente,"Periodista y miope, como Superman pero sin capa. Veo la realidad a mi manera (borrosa) y la pongo bonita en #infograf√≠as. Y s√≠, me sigue gustando sonreir","De aqu√≠, de Madrid",https://pbs.twimg.com/profile_images/972224249841766401/mRwP35yc_400x400.jpg,yolsclemente,
Mariano Zafra,Graphics Editor en Univision Noticias - El Pa√≠s - El Mundo - Like #maps and #graphics that explain how the world works,"Miami, FL",https://pbs.twimg.com/profile_images/941035014522789889/yFusMnS1_400x400.jpg,Mariano_Zafra,https://www.univision.com/temas/graficos-noticias
Ornella Palumbo,ESPN/ Presentadora de Sportscenter Per√∫/ periodista/ M√°ster en #datajournalism,Lima Per√∫,https://pbs.twimg.com/profile_images/981554650842390528/I6B9X9NM_400x400.jpg,ornellapv,
Paola Mosso ¬†üíö,"Periodista, feminista, tech. Apoyando a activistas a integrar tech & data en sus proyectos en @engnroom. Ex @poderomedia & @mapinfluence. Me encanta aprender.",Santiago,https://pbs.twimg.com/profile_images/846834335810506753/pN3FUm6r_400x400.jpg,paolamosso,
Maru Morales,Periodista de Pol√≠tica-Parlamento. Locutora. Venezolana. Ucevista. Caraque√±a. Que haga RT o publique un link no necesariamente significa que apoyo el contenido,"Caracas, Venezuela",https://pbs.twimg.com/profile_images/796539810353709056/IqLkjweq_400x400.jpg,morapin,http://ornitorrincosdepapel.blogspot.com/
‚ñß J M Abad Li√±√°n,"Semper fidelis esto | Periodista en el Equipo de Datos de @el_pais | Journalist, Data Desk @el_pais | Mensajes directos activados | DM active.","Madrid y, en lo posible, Andaluc√≠a.",https://pbs.twimg.com/profile_images/867795178542780418/vtMVxJhy_400x400.jpg,abadlinan,
Dar√≠o Klein,"Periodista, doctor con t√≠tulo de verdad, documentalista, viajero, hedonista, hincha de la viola y la celeste, del buen periodismo y la buena",Uruguay,https://pbs.twimg.com/profile_images/883279941311266816/4g6fB2dl_400x400.jpg,KleinDario,http://produccionesdeaka.com/
Auri Garcia Morera,Periodista. @diariARA,Barcelona,https://pbs.twimg.com/profile_images/473412195867320320/In5jTIbo_400x400.jpeg,aurigm,
Patricia R. Blanco,Periodista de EL PA√çS,,https://pbs.twimg.com/profile_images/441965991912697857/40763aCB_400x400.jpeg,PatriciaRBlanco,
Emilio Amade Castro,"Infografista de dia y de noche, ilustrador entre horas y periodista cuando me dejan. EL MUNDO.",Madrid,https://pbs.twimg.com/profile_images/1613806039/TWITTER_logo_EMILIO_400x400.jpg,emilioamade,https://www.behance.net/emilioamade
Alvaro Undabarrena,√önico premio monetario juas juas juas...,,https://pbs.twimg.com/profile_images/429686280515891200/wg54eNFb_400x400.jpeg,undabarrena,
Idoia Longan,Developer at @diariARA http://interactius.ara.cat,Barcelona,https://pbs.twimg.com/profile_images/752458265007718400/0Qgfqzkb_400x400.jpg,idoialongan,
Roc√≠o Romero Benites,"Periodista de datos / Sanmarquina / Ahora, en http://rppdata.com¬† / Cuenta personal.","Lima, Peru",https://pbs.twimg.com/profile_images/1003491597529600000/DTNC7rIs_400x400.jpg,rocioromerox,https://about.me/rocioromerox
Meritxell M. Paun√©,"Publico i piulo hist√≤ries de la ciutat, dels barris i de patrimoni. Coordino la info local i la secci√≥ BCN a @LaVanguardia digital",Barcelona,https://pbs.twimg.com/profile_images/441293544599191552/e_7d6Eav_400x400.jpeg,la_txell,http://blogs.lavanguardia.com/districte-onze/
√ìscar Felipe Agudelo,"Amo a Di-s y sigo a Jes√∫s (◊ô÷µ◊©◊Å◊ï÷º◊¢÷∑). Periodista. He pasado por @NoticiasRCN, @Colcheck, @poderopedia y @CdR_. Apoyo @NoComoCuento_.",,https://pbs.twimg.com/profile_images/951445860646313986/smg4v730_400x400.jpg,oscaragudelob,
Antonio Villarreal,"Soy reservado, por eso me abr√≠ una cuenta en Twitter","Madrid, Espa√±a",https://pbs.twimg.com/profile_images/1278718884/autofoto_400x400.jpg,bajoelbillete,http://antoniovillarreal.net/
Vickybol,Periodista | Colaboro en http://solidaridadritsona.com,Mallorquina en Madrid,https://pbs.twimg.com/profile_images/980466899908747265/R9hBFjJ1_400x400.jpg,VickyBol,https://medium.com/@vickybol
Lisseth Boon,Periodista venezolana. Unidad de Investigaci√≥n de @runrunesweb. En Caracas,Caracas,https://pbs.twimg.com/profile_images/909108690044821504/T0MLu-WP_400x400.jpg,boonbar,http://runrun.es/
Rodrigo Silva,Subjefe de Infograf√≠a e Ilustraci√≥n en EL PA√çS (anteriormente en El Mundo). Inform√°tico de carrera y aficionado a la magia.,,https://pbs.twimg.com/profile_images/378800000561363566/6e0893961764bef24309cd7a62ad264d_400x400.jpeg,rodrigo0silva,https://elpais.com/autor/rodrigo_silva/a/
Fabi√°n Werner,[#Periodista]  [Director de @sudestada_uy]  [Conductor en @M810AM y @fugadenoticias] [Corresponsal de @RFI_Espanol]  [Miembro de @CAinfouy y @ifexalc],Montevideo,https://pbs.twimg.com/profile_images/882659525249118208/sExGW_SV_400x400.jpg,fwernerv,https://www.sudestada.com.uy/10877/Inicio
Clara Pen√≠n,Infografista en La Vanguardia,,https://pbs.twimg.com/profile_images/473204433048707073/20QGXGgd_400x400.jpeg,arake14,
Miguel Tinte,"Computer Engineer interested on Big Data, Semantic Web, Open Data, etc. Sports, music, films, politics & others.",Madrid,https://pbs.twimg.com/profile_images/3576472367/b9342235b455d3efc0d66d84710a74d7_400x400.jpeg,matinteg,
Tamoa Calzadilla,Periodista venezolana. Me encargo de Proyectos Especiales e Investigaci√≥n en Univision Noticias. @Uninoticias Vivo en Miami. Por ahora.,Estados Unidos,https://pbs.twimg.com/profile_images/851460020759805952/UZDoCZzO_400x400.jpg,TamoaC,https://www.univision.com/noticias
Omar Bobadilla,Periodista. Jefe de Producto en @mexicopuntocom ~ Antes en @Pajaropolitico ~ @VerificadoMX ~ @animalgourmet ~ @NewsweekEspanol,CDMX ~ Colima,https://pbs.twimg.com/profile_images/1007455668612288512/VyJPojLR_400x400.jpg,obobadilla,https://www.instagram.com/ohbobadilla/
Tania L. Montalvo,Mexican Journalist - Editora general @ Animal Pol√≠tico - @VerificadoMX tania@animalpolitico.com,M√©xico,https://pbs.twimg.com/profile_images/926309465049194497/VaVCDmN2_400x400.jpg,tanlmont,https://www.animalpolitico.com/
Irving MA,Visualizamos y Analizamos datos!,"Mexico, DF",https://pbs.twimg.com/profile_images/983164329230036992/eGPBYaRG_400x400.jpg,moaimx,http://www.morlan.mx/
Walter Pernas,Periodista especializado en investigaci√≥n. Director de http://sudestada.com.uy¬†  Escritor. Docente de periodismo en Universidad de la Rep√∫blica.,,https://pbs.twimg.com/profile_images/464611527312424960/vbBi4PEY_400x400.jpeg,PernasWalter,
Pablo Alfano,"Pateador de la calle, curioso y escribidor de historias ajenas. Director de http://www.sudestada.com.uy¬† y periodista en http://www.radiouruguay.com.uy/",,https://pbs.twimg.com/profile_images/892450687262568448/sj50X8_S_400x400.jpg,PabloAlfano,https://www.sudestada.com.uy/10877/Inicio
Dulce Ramos,"Annoying Mexican journalist / Periodista mexicana latosa / Program Manager at Poynter's @factchecknet / Lagunera, norte√±a hasta el tope.",Wiki est√° en todas partes,https://pbs.twimg.com/profile_images/946199371489693702/sovG9iZQ_400x400.jpg,WikiRamos,https://www.poynter.org/person/dulce-ramos
Paloma Contreras,,Granada,https://pbs.twimg.com/profile_images/1367138576/IqIA8eL7genGHmRjeVB0.0_400x400.jpg,ContrerasPaloma,
C√©sar Batiz,Periodista de investigaci√≥n. Director de @ElPitazoTV.,Caracas,https://pbs.twimg.com/profile_images/936442352868188160/r7DwtCi6_400x400.jpg,CBatiz,
Yosune,#infoDesign #Datavis @pajaropolitico #MatarEnM√©xico @NarcoData #LaEstafaMaestra #EmpresasFantasma #Trendlecciones. @IIIDtweet World Regional Representative MX,,https://pbs.twimg.com/profile_images/878328338103713797/NuQqu6d8_400x400.jpg,_Yosune,
Ra√∫l Cama√±as,Infografista en el peri√≥dico @lavanguardia. Ex @elmundoes. Profesor en @Bau_Bcn y @seeway. Pap√° al cuadrado.,"De Valencia, en Barcelona",https://pbs.twimg.com/profile_images/930225311400251392/ErAZfdtq_400x400.jpg,raulcamanas,http://visualoop.com/raulcamanas
V√≠ctor Hugo Majano,"Bloguero, periodista, marido de Lilian, pap√° de Ana y Antonio - Premio Nacional de Periodismo Digital 2016 #Venezuela Editor de #LaTabla",Caracas,https://pbs.twimg.com/profile_images/963373744831033344/dtFTOtBG_400x400.jpg,vhmajano,http://latabla.com/
Pedro Bravo,Pues acabo de publicar este libro. https://www.megustaleer.com/libro/exceso-de-equipaje/ES0167638¬†‚Ä¶ Tengo dos m√°s por ah√≠ y hago otras cosas pero...,"√úT: 40.44508,-3.68985",https://pbs.twimg.com/profile_images/2181556547/Captura_de_pantalla_2012-05-01_a_las_15.15.57_400x400.png,PedroBravo,https://www.eldiario.es/desde-mi-bici/
Antonio Alonso,,‚òÖ    SCQ-MAD-IBZ,https://pbs.twimg.com/profile_images/954690415277563905/DVzySqLB_400x400.jpg,aalonsobe,https://elpais.com/autor/antonio_alonso/a/
Alan J√ºrgens,Infografia La Vanguardia,,https://pbs.twimg.com/profile_images/501858894126133248/T1fQlRZP_400x400.jpeg,AlanJrgens2,
Fernando Baptista,Senior Graphics Editor - National Geographic Magazine,Washington DC,https://pbs.twimg.com/profile_images/580082094740652034/ddssypL4_400x400.jpg,fg_baptista,https://www.pinterest.es/natgeo/?redirected=1
Audrey Cordova,Journalist/Photo&videoreporter #digitalstoryteller #transmedia #investigation #DDHH #migrations #environment /Co-founder @StorycodePE / French&PeruvianHeart,Lima l Per√∫,https://pbs.twimg.com/profile_images/455659419645120512/JVi8bABb_400x400.jpeg,audrey_cordova,
Huacles U. J. Luis,"Periodista. #Datos. UNMSM. Amante de las lecturas. Minion. Periodismo de investigaci√≥n.Lima, Per√∫.","Lima, Peru",https://pbs.twimg.com/profile_images/580041695271784449/tQWCYQyf_400x400.jpg,joseluishuacles,http://ojo-publico.com/
Jos√© M. Guti√©rrez,Nous formats a @naciodigital. Fotoperiodisme. Tecnologia a http://Sobrevia.Net,Vic,https://pbs.twimg.com/profile_images/582963713084239873/a_BQZx2H_400x400.jpg,gutcab,https://www.naciodigital.cat/
Gilberto ¬†ü¶Å,"Hago cosas en #php, #javascript y #d3js (como @narcodata para @Pajaropolitico), domestico escuincles silvestres en la @uamcuajimalpa, soy #MADIC y √±o√±eo harto",Cedemequis,https://pbs.twimg.com/profile_images/1422464571/Edhel_cuadro_400x400.jpg,gilbertoleon,http://gilbertoleon.io/
Monica Serrano,Senior Graphics Editor at National Geographic,Washington DC,https://pbs.twimg.com/profile_images/664307989680136192/SvY5UX7s_400x400.jpg,MonicaSerrano_,http://monicaserrano.com/
Esquembre,"Full stack engineering, data visualization and automatization at @elconfidencial","Madrid, Comunidad de Madrid",https://pbs.twimg.com/profile_images/684840290797109248/mQl53uYw_400x400.jpg,__esquembre?s=03,
Carlos Dada,Periodista @_ElFaro_,,https://pbs.twimg.com/profile_images/983591171556544512/cn8iaMD5_400x400.jpg,CarlosDada,
Manuel Villa,Data journalist @MarshallProj | Former @ICIJorg @neo4j data fellow | @ColumbiaJourn alumni | Mexico City + Tokyo + New York = City boy | RT ‚â† Endorsement,"New York, NY",https://pbs.twimg.com/profile_images/996757060036554753/wmsjnmBT_400x400.jpg,ManuelVilla1859,
Omaya Sosa,"Journalist, adventurer and dreamer @cpipr ICIJ Member - PGP key http://bit.ly/2pgJn8H",,https://pbs.twimg.com/profile_images/652193945796091905/BN1K8igl_400x400.jpg,omayasosa,http://periodismoinvestigativo.com/
üëÅ‚Äçüó® Fabiola Torres,"@ICFJKnight Fellow, fundadora y editora de http://Ojo-publico.com¬† y embajadora de http://sembramedia.org¬† en el Per√∫.  fabiolatorresperu@gmail.com",Per√∫,https://pbs.twimg.com/profile_images/1005954891888537600/nqlCIjTe_400x400.jpg,fabiolatorres,http://ojo-publico.com/
Mariel Fitz Patrick,"Periodista y mam√° de Milena. Investigaci√≥n, Datos y Judiciales. Infobae y Animales Sueltos (Am√©rica). Miembro de ICIJ y Fopea",Buenos Aires,https://pbs.twimg.com/profile_images/1008717927149965316/UicDSdnl_400x400.jpg,marielfitz,https://www.icij.org/journalists/mariel-fitz-patrick/
Gerardo Reyes,Director Univision Investiga / greyes@univision.net .  Cont√°ctenos al 1-866-224-4030. Mis opiniones no comprometen a Univision,"√úT: 25.75395,-80.20197",https://pbs.twimg.com/profile_images/428864739/gerardo_reyes_new_sig_400x400.jpg,GerardoReyesC,
Emilia Delfino,Periodista Diario PERFIL. Judiciales. Investigaci√≥n. Miembro de @ICIJorg #InvestigaLavaJato. #ParadisePapers. Co-autora de El hombre del Cami√≥n y La Ejecuci√≥n.,,https://pbs.twimg.com/profile_images/941684041048354817/7WOTOMke_400x400.jpg,Emiliadelfino,
Mariana Marcaletti,"Directora editorial de TKM. Periodista, curiosa, hago muchas preguntas. Me puede el mate, el helado y las buenas historias. Pas√© por BuzzFeed, CNET y Univision.","Buenos Aires, Argentina",https://pbs.twimg.com/profile_images/931971261328064512/S2HT_EPO_400x400.jpg,Mariamrom,https://www.linkedin.com/in/marianamarcaletti
Yudivi√°n Almeida,"Cibern√©tico, Profesor, Aprendiz ,So√±ador",Havana,https://pbs.twimg.com/profile_images/461308278828306432/FjoOycsp_400x400.jpeg,yudivian,http://www.postdata.club/
Montse Hidalgo,To be filled in later.,,https://pbs.twimg.com/profile_images/864607841704747008/6S9l0pLR_400x400.jpg,montsehid,
Ramiro Aznar,GIS Analyst & Environmental Biologist ‚Ä¢ Working at @CARTO ‚Ä¢,Madrid,https://pbs.twimg.com/profile_images/649541755654799360/uUxfscNL_400x400.jpg,ramiroaznar,http://ramiroaznar.com/
Laura Zommer,"Madre, idealista, yogi. Esposa enamorada. Periodista, abogada y muy desconfiada. Docente en la UBA y +, defensora del acceso a la info y directora de @chequeado",Argentina,https://pbs.twimg.com/profile_images/629381482516058113/aBBH6hLr_400x400.png,lauzommer,http://chequeado.com/
Lorena Mel√©ndez G.,Periodista en @RunRunesWeb. Coordino el #Hambr√≥metro y soy parte del equipo @MonitorVictimas | Journalist in Venezuela | lmelendez@runrun.es,"Caracas, la fallida",https://pbs.twimg.com/profile_images/791054775139831809/AqqfBG6h_400x400.jpg,loremelendez,https://about.me/loremelendez
Alejandro Bogado,Editor de infografia del diario La Nacion,,https://pbs.twimg.com/profile_images/1083839754/n808893251_2144_400x400.jpg,albogado,
Daisy Galaviz,Periodista | Te cuento las historias que deja la violencia en @ElPitazoTV y @MonitorVictimas de @RunRunesWeb | Becaria de @cosecharoja,"Caracas, Venezuela",https://pbs.twimg.com/profile_images/980967526774558720/HkwCT1aC_400x400.jpg,daigalaviz,
Margarita Noriega,Working on the future of the web | Editorial consultant | former journalist @voxdotcom @reuters @fusiontv | bot: @misinfonewsfeed margafretter@gmail,"Los Angeles, CA",https://pbs.twimg.com/profile_images/1001204966759923712/K7OLqDrI_400x400.jpg,margarita,
Fabiola Torres,"@ICFJKnight Fellow, fundadora y editora de http://Ojo-publico.com  y embajadora de http://sembramedia.org  en el Per√∫. fabiolatorresperu@gmail.com",Per√∫,https://pbs.twimg.com/profile_images/1005954891888537600/nqlCIjTe_400x400.jpg,fabiolatorres,http://ojo-publico.com/
giselle ferro,"Subeditora de Infograf√≠a diario LA NACION. Dise√±adora gr√°fica, UBA",Argentina,https://pbs.twimg.com/profile_images/897658600214204416/XMa3Hk9E_400x400.jpg,giselleferrodg,https://www.behance.net/giselleferro
Victoria Anderica,Impulsando la #transparencia en el Ayuntamiento de Madrid,Madrid,https://pbs.twimg.com/profile_images/1009766058419478528/BPL7NzgF_400x400.jpg,vickyande,
Pedro Jim√©nez,Infografista en El Mundo CV. Profesor en @BBAA_UPV y en @Master_d_i. Ilustrador y dise√±ador gr√°fico.,Valencia,https://pbs.twimg.com/profile_images/987258880328597506/YpUe0ewQ_400x400.jpg,PedroJimnez,http://infografia-pedrojimenez.blogspot.com/
Josu Mezo,,Madrid-Toledo-Bilbao,https://pbs.twimg.com/profile_images/385908604/pensativo_400x400.jpg,malaprensa,http://www.malaprensa.com/